method,eps,alpha,k,trial,seed,wall_sec,frob_resid_noisy,mahal_resid_noisy,frob_err_true,mahal_err_true,rel_frob_err_true,fms
ALS,0.01,1.01,5,0,1015,0.03343796730041504,0.19005309016635863,0.04173983593391934,0.19357489989921967,0.043220709577346805,0.46590722442721577,0.676621056785859
Oracle-AMDM,0.01,1.01,5,0,1015,0.04343891143798828,0.20701542636503495,0.04916511744267731,0.19166081237212804,0.04201528422282988,0.4613002882618229,0.687779124361471
AMDM,0.01,1.01,5,0,1015,0.03994488716125488,0.038454395413922815,0.0017040519443531994,0.05000278422444748,0.0028339355847912433,0.12034958263583848,0.9946956674975237
ALS,0.01,1.01,5,1,102030,0.032140254974365234,0.026624916625561244,0.000822819073154252,0.02590293574596425,0.0007709679343025856,0.06234562620641365,0.9982846340486653
Oracle-AMDM,0.01,1.01,5,1,102030,0.04279685020446777,0.026632265727895774,0.000821808253536228,0.025947548209932624,0.0007733199664813502,0.06245300368786969,0.9982896703071926
AMDM,0.01,1.01,5,1,102030,0.04004502296447754,0.026681684918267973,0.0008261266964618626,0.025407439730205005,0.000741685822637346,0.06115301971237538,0.9983651137854747
ALS,0.01,1.01,5,2,303045,0.031794071197509766,0.023992943489443287,0.0006743647605067348,0.03291506916913654,0.0012811517135759842,0.0792255285896747,0.996998185881977
Oracle-AMDM,0.01,1.01,5,2,303045,0.04266500473022461,0.024001068691974572,0.0006736178732770297,0.03271058696203376,0.0012649418238219125,0.07873334639611297,0.9970446803331887
AMDM,0.01,1.01,5,2,303045,0.039875030517578125,0.024123932233707072,0.0006798792332688395,0.032380333418835165,0.0012398445496148906,0.07793843658158173,0.9971018441178561
ALS,0.01,1.01,5,3,604060,0.0316619873046875,0.19213396602296517,0.04256263437676108,0.19276342134199353,0.04282359890776466,0.46401617022049785,0.7597502976892916
Oracle-AMDM,0.01,1.01,5,3,604060,0.04227304458618164,0.04436148655502344,0.0022996925389079585,0.03989464376341178,0.0018279447284113824,0.09603357152790178,0.99609771370018
AMDM,0.01,1.01,5,3,604060,0.03982400894165039,0.044772475667544484,0.002347686386639326,0.03756839061257936,0.0016151698936327015,0.09043386246226136,0.9965615952658521
ALS,0.01,1.01,5,4,1005075,0.031852006912231445,0.03565119871691506,0.0014492239345533342,0.03193932215727289,0.0011889486576487237,0.07687472143736669,0.9971184990467401
Oracle-AMDM,0.01,1.01,5,4,1005075,0.04245400428771973,0.18917070893633722,0.04143989445270627,0.1890827124263679,0.041353099890324825,0.4551029848042292,0.6925473096604104
AMDM,0.01,1.01,5,4,1005075,0.039895057678222656,0.03579869334014673,0.0014650655083062781,0.03265743031018175,0.0012399033708987918,0.07860313520723125,0.9969759910431968
ALS,0.01,1.01,10,0,1006095,0.03166699409484863,0.027461410924387954,0.0008848647427620638,0.028911238994538527,0.0009622854917677674,0.06958432081965389,0.9976967531286445
Oracle-AMDM,0.01,1.01,10,0,1006095,0.04272007942199707,0.027480241562608157,0.0008833185477598923,0.029429951327374918,0.0009972716371586803,0.0708327711329738,0.9976165752812509
AMDM,0.01,1.01,10,0,1006095,0.03969717025756836,0.02758544653208809,0.0008899904443788582,0.02908805813667913,0.0009744531523491792,0.07000989372284534,0.9976695558970752
ALS,0.01,1.01,10,1,1107115,0.03219294548034668,0.179760988357696,0.03927096915293292,0.18197919406567087,0.04025607207413122,0.437864960625699,0.791678518062327
Oracle-AMDM,0.01,1.01,10,1,1107115,0.044775962829589844,0.017062116005462185,0.0003287954021401798,0.01318480810352941,0.00020340070467179117,0.031724316127182864,0.9995779001403621
AMDM,0.01,1.01,10,1,1107115,0.039357900619506836,0.01706878801032221,0.0003291305590172127,0.01328375664535574,0.00020646140956027335,0.03196239883544632,0.9995709782879336
ALS,0.01,1.01,10,2,1308135,0.0321500301361084,0.017819865225247533,0.00036635276477613095,0.01687293575929861,0.0003375712040056763,0.04061898087586166,0.9992049651989087
Oracle-AMDM,0.01,1.01,10,2,1308135,0.04331707954406738,0.01781889037950918,0.00036558628666608154,0.01686395880702133,0.00033730416504488316,0.04059737025290451,0.9992049453392113
AMDM,0.01,1.01,10,2,1308135,0.039199113845825195,0.017844871699297896,0.00036700731161422214,0.016910683156339368,0.00033928121459526705,0.04070985189086373,0.9991989629055456
ALS,0.01,1.01,10,3,1609155,0.03179001808166504,0.024790506681933677,0.0007144787072350305,0.025839540016190005,0.0007667233873714531,0.062192329107772865,0.9981644595341217
Oracle-AMDM,0.01,1.01,10,3,1609155,0.042489051818847656,0.25750495659696476,0.07995596534989352,0.25846089784903686,0.08067197365646955,0.6220809352815982,0.15068056928569384
AMDM,0.01,1.01,10,3,1609155,0.03881978988647461,0.024892332889709778,0.0007177581525510014,0.025227652791620293,0.0007296729270518557,0.06071959810623655,0.9982441339372994
ALS,0.01,1.01,10,4,2010175,0.03158283233642578,0.18464518874982708,0.0412088545567916,0.18386636871723364,0.040847926947465196,0.44259343594506395,0.7797616622870467
Oracle-AMDM,0.01,1.01,10,4,2010175,0.04192304611206055,0.1848103013363409,0.04127650105020765,0.18368668651854142,0.04077589248541995,0.44216091442276395,0.6869749790158637
AMDM,0.01,1.01,10,4,2010175,0.03852725028991699,0.023853291014998744,0.0006587562948091343,0.025817893231162813,0.0007565588138872244,0.06214747239402097,0.998159493373926
ALS,0.01,1.01,20,0,2011205,0.03130483627319336,0.01650083807475118,0.00032009539199303287,0.018143586276597592,0.00038309904520444736,0.04368018026852966,0.9990923729075248
Oracle-AMDM,0.01,1.01,20,0,2011205,0.04156184196472168,0.17972148452391612,0.03925498486076418,0.18219379565385674,0.040311142528227394,0.43862650507154893,0.5541644730045143
AMDM,0.01,1.01,20,0,2011205,0.039913177490234375,0.016522464208011,0.00031987730128542585,0.018070841554045345,0.00037963433656573915,0.04350504936848457,0.9990991614199343
ALS,0.01,1.01,20,1,2112235,0.03219318389892578,0.01384254889439029,0.0002247175260139127,0.014852394739703676,0.0002581915306110356,0.035751846721734176,0.999404678843962
Oracle-AMDM,0.01,1.01,20,1,2112235,0.04373908042907715,0.1860846136037546,0.0405068222090082,0.1855651063426596,0.04024978883323053,0.44668185535967186,0.5977375210453506
AMDM,0.01,1.01,20,1,2112235,0.03948497772216797,0.013844146241003457,0.00022426627619424956,0.014858070048845177,0.00025849204140929925,0.035765508005727864,0.9994030148998359
ALS,0.01,1.01,20,2,2313265,0.032285213470458984,0.18185344110627638,0.040245982585263344,0.18215599289905704,0.04034490288190644,0.4383632889847359,0.6974344666590703
Oracle-AMDM,0.01,1.01,20,2,2313265,0.0436558723449707,0.1817340234380421,0.04019944381311712,0.18227456509910786,0.040392372366423214,0.438648636168593,0.7659978192338966
AMDM,0.01,1.01,20,2,2313265,0.03972887992858887,0.014799449110565358,0.00025026220123573013,0.01631085828719044,0.00030686574697742216,0.03925251852075491,0.9993144964792029
ALS,0.01,1.01,20,3,2614295,0.03245425224304199,0.016966672493726402,0.00033780214791913793,0.01769353892204922,0.00036180152157679784,0.04259029963733427,0.9991608650276571
Oracle-AMDM,0.01,1.01,20,3,2614295,0.04173707962036133,0.016961878919397322,0.0003364547738873324,0.017512518169849407,0.0003539396441339917,0.04215456272168773,0.9991655269457498
AMDM,0.01,1.01,20,3,2614295,0.03951096534729004,0.016986354529747987,0.0003372667570701792,0.01765375239963654,0.00035968939328069686,0.04249452908976044,0.9991488824988657
ALS,0.01,1.01,20,4,3015325,0.031143903732299805,0.017588608424203435,0.00035871743231044275,0.014530142234393008,0.00024232835026058542,0.03497433026497466,0.9994351903447523
Oracle-AMDM,0.01,1.01,20,4,3015325,0.04226994514465332,0.18839217576430972,0.04119286418857303,0.18597097585742106,0.04023178509667903,0.4476356958118094,0.7931318109332581
AMDM,0.01,1.01,20,4,3015325,0.03959321975708008,0.017613388172373068,0.0003581033075133828,0.014296390087738956,0.0002343509229968571,0.03441168437718187,0.9994552516172213
ALS,0.01,1.01,50,0,3016385,0.03180694580078125,0.011129066477797923,0.0001472008811759658,0.009734944099057462,0.0001104184228926332,0.023432711966623648,0.9997554696468274
Oracle-AMDM,0.01,1.01,50,0,3016385,0.04149794578552246,0.011125752381022886,0.0001467404954251838,0.009894886282410129,0.00011412213203876168,0.02381770432771782,0.9997477275331548
AMDM,0.01,1.01,50,0,3016385,0.038803815841674805,0.0111289322054067,0.00014688658697249499,0.009823856721192317,0.00011243349842640736,0.02364673105532956,0.9997518991118838
ALS,0.01,1.01,50,1,3117445,0.03120899200439453,0.01022693864934313,0.00012194488696586898,0.009279211847620289,9.94189663994276e-05,0.022332961877823125,0.999771548358799
Oracle-AMDM,0.01,1.01,50,1,3117445,0.04245591163635254,0.18681576667452968,0.03998772725858926,0.1870398222079839,0.04008192279745479,0.4501625016867113,0.6426005535164989
AMDM,0.01,1.01,50,1,3117445,0.0394597053527832,0.010223454410388527,0.00012151527302882697,0.009385524532791121,0.00010152916141110534,0.02258883243924997,0.9997723495624076
ALS,0.01,1.01,50,2,3318505,0.031244993209838867,0.011239639979039182,0.00014511518017946745,0.008785483719846547,8.905823816249953e-05,0.02115056810608027,0.9998142310949996
Oracle-AMDM,0.01,1.01,50,2,3318505,0.04328489303588867,0.18759251003891386,0.04131634095393097,0.18471710346917306,0.0400832314970952,0.444696251437691,0.6026823964868955
AMDM,0.01,1.01,50,2,3318505,0.03973078727722168,0.011237746433187989,0.00014453890478591285,0.008577537486970016,8.480111392842755e-05,0.020649949005173814,0.9998242684179177
ALS,0.01,1.01,50,3,3619565,0.03170013427734375,0.17681624778886662,0.03968005362156006,0.17785622284756444,0.04013046700109851,0.42803972260041684,0.6701790090084836
Oracle-AMDM,0.01,1.01,50,3,3619565,0.042344093322753906,0.17683653726859022,0.039687797197407296,0.1778292106520099,0.04012037075114441,0.42797471338956733,0.7185725964356439
AMDM,0.01,1.01,50,3,3619565,0.03973817825317383,0.01111714084829052,0.0001433954262621481,0.011773490646391434,0.0001622899287449941,0.02833480656248516,0.9996002254545351
ALS,0.01,1.01,50,4,4020625,0.031478166580200195,0.17884833468761838,0.03872278614863586,0.18201635701784602,0.040081877151560606,0.4380281021867351,0.726621808953955
Oracle-AMDM,0.01,1.01,50,4,4020625,0.04229307174682617,0.1788385897460972,0.038718764415648255,0.18201807900579747,0.04008327905349917,0.438032246205035,0.7646583100748421
AMDM,0.01,1.01,50,4,4020625,0.03950691223144531,0.007923403933302204,7.352034355630117e-05,0.00949829166813201,0.00010399054029591127,0.022857938382977415,0.9997847096570472
ALS,0.01,1.05,5,0,4021680,0.03486990928649902,0.12750657007073674,0.04285063098158212,0.12396425250934463,0.04064099671402296,0.3914635009884503,0.7368236976026803
Oracle-AMDM,0.01,1.05,5,0,4021680,0.04290294647216797,0.1413654809334927,0.04121942630498578,0.14074399933520104,0.04065637876384064,0.4444518287134485,0.7623488624724329
AMDM,0.01,1.05,5,0,4021680,0.038572072982788086,0.012182344915521011,0.0003214987020595145,0.01776974159924186,0.0007345706106178451,0.05611460656833269,0.9985202533122255
ALS,0.01,1.05,5,1,4122735,0.0355679988861084,0.016480122778171815,0.0005598768112286586,0.016359744851514833,0.0005146200347893832,0.051661857073750254,0.9987151599156091
Oracle-AMDM,0.01,1.05,5,1,4122735,0.044473886489868164,0.016735779311401876,0.0005417873995421964,0.015575830420083165,0.00046859435120428806,0.0491863615399111,0.9988343345552109
AMDM,0.01,1.05,5,1,4122735,0.04008293151855469,0.01674452748758475,0.0005439386114556346,0.015697369214127083,0.0004732218326690632,0.049570164579860805,0.9988125549576432
ALS,0.01,1.05,5,2,33114,0.032727718353271484,0.030983695541096555,0.0020601066631942264,0.03461735865476833,0.0021788802074963584,0.10916877295293904,0.9954127900754169
Oracle-AMDM,0.01,1.05,5,2,33114,0.04344677925109863,0.19055765815150236,0.07731414059476069,0.19899803359960364,0.08203460018886151,0.6275571560721622,0.38081320253696516
AMDM,0.01,1.05,5,2,33114,0.03917407989501953,0.03159966599257898,0.002002968541871836,0.032240308007739096,0.0018684119973408626,0.101672542377663,0.996056154838538
ALS,0.01,1.05,5,3,334169,0.03156304359436035,0.04423740789996108,0.003979905758170288,0.03077541119708896,0.0019216829564376718,0.0968158659713658,0.9954385792077469
Oracle-AMDM,0.01,1.05,5,3,334169,0.041914939880371094,0.04491249206276803,0.0038494905343560985,0.029524916116790097,0.0017505561105669773,0.09288195381933195,0.9958783928957697
AMDM,0.01,1.05,5,3,334169,0.038690805435180664,0.04586540010231971,0.00394298099007623,0.031521911093460156,0.001961677029031457,0.09916426786441829,0.9953132783555663
ALS,0.01,1.05,5,4,735224,0.031439781188964844,0.017063856829878463,0.000620723976866863,0.022495412160284802,0.000949686180350303,0.07119387707289461,0.9974841844389479
Oracle-AMDM,0.01,1.05,5,4,735224,0.04202389717102051,0.1960859912688903,0.07813929598344849,0.1983919935547486,0.08039645791838411,0.6278744795047335,0.21521713925026287
AMDM,0.01,1.05,5,4,735224,0.038408756256103516,0.01753608303206745,0.0006023411718340834,0.02169879718220028,0.0008860302639563458,0.06867273594331337,0.9976581620672237
ALS,0.01,1.05,10,0,736284,0.03132915496826172,0.010644306826701243,0.000251955520949091,0.00886467870671804,0.0001673022847938066,0.028008560699941894,0.9995950322478514
Oracle-AMDM,0.01,1.05,10,0,736284,0.044940948486328125,0.13905424570633892,0.04039587876670511,0.1385059070031466,0.04019722315934888,0.4376189179488476,0.7124306008693039
AMDM,0.01,1.05,10,0,736284,0.0391850471496582,0.010831192182848491,0.00024200033842056672,0.008821460157388473,0.0001640970960696482,0.027872008727523167,0.9996064327870215
ALS,0.01,1.05,10,1,837344,0.03252887725830078,0.0189226826367535,0.0007877032465593583,0.017447155718338644,0.0006115214638350682,0.055100847513407596,0.9986195242979905
Oracle-AMDM,0.01,1.05,10,1,837344,0.04281973838806152,0.019349283125392074,0.0007535892344414829,0.01715104577567056,0.0006012034849528685,0.05416568598555991,0.9986215105269223
AMDM,0.01,1.05,10,1,837344,0.038522958755493164,0.019481100407696687,0.0007556295188862826,0.01689165017188112,0.0005848003818053996,0.05334647408415945,0.9986607915778929
ALS,0.01,1.05,10,2,1038404,0.03164386749267578,0.015731805581300003,0.0005518074445039168,0.021004177869237327,0.0008792275827706076,0.06617668191245814,0.9978872207306168
Oracle-AMDM,0.01,1.05,10,2,1038404,0.04494500160217285,0.12445978973686259,0.04127309104049359,0.12485942902723826,0.04077552923973414,0.39338758079212144,0.5793901123782612
AMDM,0.01,1.05,10,2,1038404,0.039433956146240234,0.01597730459253617,0.0005370430801233811,0.020656974390375164,0.0008474138871273637,0.06508276743874708,0.9979787804740432
ALS,0.01,1.05,10,3,1339464,0.03209996223449707,0.1431926605129742,0.04032157979739139,0.14400088430239735,0.04062085445667497,0.454254185837709,0.7742305440522512
Oracle-AMDM,0.01,1.05,10,3,1339464,0.042224884033203125,0.14328435088158809,0.04031867761481009,0.14397823407010743,0.040620845777215225,0.4541827351457376,0.6062170001005007
AMDM,0.01,1.05,10,3,1339464,0.03938484191894531,0.02106920641161402,0.0008185113647964004,0.016743353335232847,0.0005692287904963935,0.05281730299320575,0.9987169023622592
ALS,0.01,1.05,10,4,1740524,0.031620025634765625,0.12853830660750212,0.04039977464023575,0.12858830866185753,0.04049201406624155,0.4064433844185794,0.7704139426090487
Oracle-AMDM,0.01,1.05,10,4,1740524,0.04318714141845703,0.15080067111299067,0.042468655792582036,0.14731793854574377,0.040387403567997845,0.46564421097997705,0.5545048940222418
AMDM,0.01,1.05,10,4,1740524,0.0384366512298584,0.013055566292349672,0.000319524070362284,0.015061499741219436,0.00042566117930071986,0.04760655920390543,0.9990430166431213
ALS,0.01,1.05,20,0,1741594,0.03127121925354004,0.011361957734371597,0.0002721367182719149,0.013484670106209481,0.0003300500485516857,0.042676417131676914,0.9991293460156647
Oracle-AMDM,0.01,1.05,20,0,1741594,0.04224586486816406,0.1437270346332622,0.04018491989712545,0.14385422394471398,0.04030523893749601,0.4552712686972802,0.7601208087091965
AMDM,0.01,1.05,20,0,1741594,0.03940987586975098,0.011592745681836342,0.00026068229074765494,0.01274282854145677,0.0002939699139792233,0.040328629620848294,0.9992316197128759
ALS,0.01,1.05,20,1,1842664,0.03167891502380371,0.14170894614685609,0.04063351526391764,0.14078009200845948,0.040181567316368995,0.44679236698733177,0.7643194377726601
Oracle-AMDM,0.01,1.05,20,1,1842664,0.042315006256103516,0.00968279443469474,0.00018561925576652497,0.009179755245255944,0.0001491847565564658,0.02913369721441737,0.999624794339406
AMDM,0.01,1.05,20,1,1842664,0.03920316696166992,0.009681526701704843,0.00018572010378348786,0.009160404578386011,0.00014831824404530327,0.029072284196921396,0.9996261588908675
ALS,0.01,1.05,20,2,2043734,0.03167986869812012,0.01390160653650137,0.0005096065530807919,0.014552888068799895,0.00039669803908483055,0.04610239299253371,0.9990139971763344
Oracle-AMDM,0.01,1.05,20,2,2043734,0.04248690605163574,0.014260261642361634,0.00048541584282693026,0.014875724906263823,0.000415193978661985,0.0471251144401849,0.9989739305110126
AMDM,0.01,1.05,20,2,2043734,0.03860616683959961,0.014281118871614049,0.0004863635890949062,0.014674771402718763,0.00040488462117697975,0.0464885097092296,0.9990032595568259
ALS,0.01,1.05,20,3,2344804,0.03137087821960449,0.009940878517135744,0.00020106433617213382,0.009168082391618393,0.00015782385959046196,0.02868555024495126,0.9996393327466697
Oracle-AMDM,0.01,1.05,20,3,2344804,0.04201674461364746,0.13052411443963682,0.04002035719976479,0.1306740812754526,0.04017802552583896,0.40885953725358537,0.6018480742794823
AMDM,0.01,1.05,20,3,2344804,0.03847503662109375,0.01011650235737964,0.00019569027085763135,0.009286202163273395,0.00016127623142549597,0.02905512923650018,0.9996271930932155
ALS,0.01,1.05,20,4,2745874,0.032327890396118164,0.1266225533541857,0.040356500280977765,0.12658125151917884,0.04043809511919321,0.3984177260823359,0.7587876114761294
Oracle-AMDM,0.01,1.05,20,4,2745874,0.04436898231506348,0.012237885562896582,0.0002850402211874638,0.012766233500866461,0.0003192091860045437,0.04018204640108736,0.9992525961680997
AMDM,0.01,1.05,20,4,2745874,0.038286685943603516,0.012234094754039079,0.00028548242836006567,0.012905366071153493,0.00032524236805106597,0.040619969723952834,0.9992372888756897
ALS,0.01,1.05,50,0,2746974,0.0318300724029541,0.005753307335361531,6.99571091939411e-05,0.0063130383408969626,8.060357482372366e-05,0.019812518518895882,0.9998065477953337
Oracle-AMDM,0.01,1.05,50,0,2746974,0.044115304946899414,0.1709885421314047,0.04012702703186173,0.17097922214562092,0.04007698040752518,0.5365924967002853,0.7667296930379466
AMDM,0.01,1.05,50,0,2746974,0.03974342346191406,0.005813091373390868,6.775398691192972e-05,0.006201546493672412,7.959554938019703e-05,0.019462618174788598,0.9998096295918328
ALS,0.01,1.05,50,1,2848074,0.031052827835083008,0.12247164458920917,0.03993884135456285,0.1227892175681116,0.040100413644499504,0.3868722235788372,0.741821211262374
Oracle-AMDM,0.01,1.05,50,1,2848074,0.042528629302978516,0.18422524898667572,0.07913556609070764,0.18512781105017131,0.08009963247083686,0.583282549768951,0.254031561898751
AMDM,0.01,1.05,50,1,2848074,0.039576053619384766,0.007281725587861743,0.00010835614760296825,0.005863986772984243,7.397886049785456e-05,0.018475674386009475,0.9998349815582934
ALS,0.01,1.05,50,2,3049174,0.03188610076904297,0.006695724555013883,9.758686151618054e-05,0.007674890194588752,0.00012859565922588364,0.02420257127378775,0.9996999535414919
Oracle-AMDM,0.01,1.05,50,2,3049174,0.04168295860290527,0.19181072040609667,0.08024261097380819,0.19179307514671845,0.08008769565351719,0.6048145906152748,0.35637754078444406
AMDM,0.01,1.05,50,2,3049174,0.03845787048339844,0.006799974360154327,9.27444045784257e-05,0.007500309764918975,0.00012097880011912065,0.02365203632345447,0.9997145607697309
ALS,0.01,1.05,50,3,3350274,0.03190302848815918,0.12467916970663213,0.03990141706436681,0.1248117851404825,0.040159521536038786,0.3925800810365189,0.7720449479783033
Oracle-AMDM,0.01,1.05,50,3,3350274,0.0421299934387207,0.008020243831767457,0.00012825148222388147,0.008742067174924506,0.00015400631381524749,0.02749709441376625,0.999647293706645
AMDM,0.01,1.05,50,3,3350274,0.03899073600769043,0.00802357507387327,0.00012835504121429595,0.008727060754839696,0.00015365404229645584,0.027449893569660606,0.9996473675505071
ALS,0.01,1.05,50,4,3751374,0.03059697151184082,0.13588360895553753,0.040389079203698594,0.13542864195493562,0.04009297800114083,0.4278509407431427,0.6960435944187561
Oracle-AMDM,0.01,1.05,50,4,3751374,0.041230201721191406,0.13591574294652695,0.040393832433927176,0.13540425984154697,0.040085552617084894,0.42777391191083625,0.6707228692884619
AMDM,0.01,1.05,50,4,3751374,0.03926515579223633,0.009128311247671907,0.00016208497497212775,0.0066970474830051405,9.026737396945671e-05,0.02115754853953787,0.9997820589562331
ALS,0.01,1.1,5,0,3752479,0.030951738357543945,0.011149505693384144,0.0005455198787735623,0.015423877034677092,0.0008201545150225871,0.0647488331439521,0.9980079874514457
Oracle-AMDM,0.01,1.1,5,0,3752479,0.041966915130615234,0.13106323561636188,0.08073020388227309,0.13079818096076004,0.08072422046141124,0.5490856530767206,0.314189900504973
AMDM,0.01,1.1,5,0,3752479,0.03890419006347656,0.012019079699520844,0.00047134395717177526,0.014126064134860549,0.000699056639865415,0.059300665299164224,0.9982637890884032
ALS,0.01,1.1,5,1,3853584,0.02940511703491211,0.013666423310472846,0.000906673470864712,0.016109866253437972,0.0010221264565870587,0.06694335028526122,0.9977265860750734
Oracle-AMDM,0.01,1.1,5,1,3853584,0.04340672492980957,0.014149589513308058,0.0008501301618704571,0.01567912856715283,0.0009486682452025403,0.06515345188632847,0.9978874779169384
AMDM,0.01,1.1,5,1,3853584,0.0394439697265625,0.014234793139990903,0.0008582177468611027,0.015198129651782235,0.0008881968269607804,0.06315469669047992,0.9980186272586172
ALS,0.01,1.1,5,2,4054689,0.03525876998901367,0.018135067654892503,0.0014452444821117791,0.01522265051919143,0.001005884341597018,0.06345691978070854,0.9978497805942075
Oracle-AMDM,0.01,1.1,5,2,4054689,0.05553007125854492,0.11044373980516674,0.04067498996352436,0.11179707088376882,0.04091064155979225,0.46603564535923714,0.7284161864594731
AMDM,0.01,1.1,5,2,4054689,0.04561614990234375,0.019617053517310638,0.0013122603216298592,0.015014694874764594,0.0010058164506999492,0.06259003890278898,0.9977860980957953
ALS,0.01,1.1,5,3,65118,0.03584885597229004,0.007411208393379158,0.00023608816487941787,0.009146310375206674,0.0003189573209572751,0.039069786791117854,0.9992665688414432
Oracle-AMDM,0.01,1.1,5,3,65118,0.04899001121520996,0.10007990357375283,0.039349789351401196,0.10164321048976402,0.04028293895658654,0.43418366529137814,0.7441550318028022
AMDM,0.01,1.1,5,3,65118,0.043505191802978516,0.007724730635392887,0.00021754742386664264,0.00855560236865276,0.0002790289496682769,0.03654649215917222,0.9993809534757974
ALS,0.01,1.1,5,4,466223,0.031620025634765625,0.010954038076887714,0.0005301736890850843,0.01723065783211382,0.0007370020480027002,0.07316407529289104,0.998308774392011
Oracle-AMDM,0.01,1.1,5,4,466223,0.04532599449157715,0.09152043285935703,0.04044842293950452,0.0930021641879733,0.04061337386391086,0.39490177388171965,0.7583100630156018
AMDM,0.01,1.1,5,4,466223,0.04414701461791992,0.012018390354095326,0.0004658871750670167,0.015143588851754283,0.0005964936195624996,0.06430205310498077,0.998699940966725
ALS,0.01,1.1,10,0,467333,0.035813093185424805,0.07662914988005787,0.04164143539431987,0.07856710919967985,0.0416118514670758,0.3330337143784672,0.7759672825889796
Oracle-AMDM,0.01,1.1,10,0,467333,0.04939866065979004,0.10498053722005683,0.0416226577419721,0.1056992171881577,0.041353111507834946,0.44804248578884864,0.6310498247876843
AMDM,0.01,1.1,10,0,467333,0.04579615592956543,0.017961021644093605,0.0012084381999091628,0.02122640756728577,0.0014334149103090224,0.08997542899380584,0.9961485049187075
ALS,0.01,1.1,10,1,568443,0.037468910217285156,0.07292280909238082,0.04004434993429599,0.07352039171729606,0.040289201854469076,0.3082156773410929,0.6862949086907868
Oracle-AMDM,0.01,1.1,10,1,568443,0.04952716827392578,0.1049127123016106,0.04012408976438238,0.10476701200230389,0.040193078619557544,0.43920924267458594,0.6592819281354302
AMDM,0.01,1.1,10,1,568443,0.044412851333618164,0.006637921665304154,0.0001492050453462831,0.007381519938147916,0.00023273329757407773,0.03094515840300961,0.9994763245808146
ALS,0.01,1.1,10,2,769553,0.03646588325500488,0.01472463608304279,0.0008703371989636667,0.014418583958593405,0.0006218040455001619,0.059373372988042246,0.9982407562642208
Oracle-AMDM,0.01,1.1,10,2,769553,0.04913520812988281,0.0942881649051123,0.04131927032070236,0.09397490439162237,0.040564063391127475,0.3869733023702363,0.7449232800997108
AMDM,0.01,1.1,10,2,769553,0.04645705223083496,0.015328785521890723,0.0008130839420485258,0.013905030561906988,0.0005570895521851927,0.057258644006451385,0.9985849291153279
ALS,0.01,1.1,10,3,1070663,0.047247886657714844,0.08412208277620184,0.04059169738605501,0.08559386202878659,0.04066498459239455,0.3582442577075093,0.7778008197121821
Oracle-AMDM,0.01,1.1,10,3,1070663,0.07393002510070801,0.009351266516578562,0.000295901494539888,0.011067315522641627,0.0004275297463063042,0.04632110457745344,0.9989315480741432
AMDM,0.01,1.1,10,3,1070663,0.06838822364807129,0.009345887332946022,0.0002967960839756842,0.01123890199698742,0.00043943739316635726,0.047039262020962466,0.9988971380280114
ALS,0.01,1.1,10,4,1471773,0.05877876281738281,0.010065060848236483,0.0004257060688813552,0.008453841909393411,0.00032500046155361416,0.03516839306551461,0.9992216138190668
Oracle-AMDM,0.01,1.1,10,4,1471773,0.06738400459289551,0.11856392306995611,0.040489188557000094,0.11829947548728642,0.04035761457450082,0.4921315655025799,0.785023151150955
AMDM,0.01,1.1,10,4,1471773,0.06798839569091797,0.01056171493677273,0.00038807161931411673,0.008159126841644876,0.0002690307627127923,0.03394236406520959,0.9993504966644432
ALS,0.01,1.1,20,0,1472893,0.0532839298248291,0.007184634280895023,0.00022189266229580138,0.009269048738662933,0.0002968593701746121,0.03931825160233782,0.9992922848702813
Oracle-AMDM,0.01,1.1,20,0,1472893,0.0681309700012207,0.08644281745605104,0.03829757196545387,0.08847065861002658,0.04022340663137177,0.37528248180895174,0.6154301851429241
AMDM,0.01,1.1,20,0,1472893,0.04986119270324707,0.007517352662742549,0.00019596337846907163,0.009173202238796576,0.00030793487596069406,0.03891168163996081,0.9992388889535441
ALS,0.01,1.1,20,1,1574013,0.036962032318115234,0.006179073145956678,0.00018077426246525217,0.007465819545218936,0.00020399243373936404,0.031347734233129906,0.9994468316596266
Oracle-AMDM,0.01,1.1,20,1,1574013,0.04885387420654297,0.10740327978526555,0.041058314701759954,0.10639201498500693,0.040186708401605355,0.44672237121147396,0.5247456063238898
AMDM,0.01,1.1,20,1,1574013,0.04543304443359375,0.006377088881675761,0.00016614350944406904,0.007300556645120239,0.00018634619271532113,0.030653822809271838,0.9995143218271595
ALS,0.01,1.1,20,2,1775133,0.03687787055969238,0.005535941599167874,0.000160043161515305,0.008436867292725846,0.0002799507282033808,0.03598370929917726,0.999372511149206
Oracle-AMDM,0.01,1.1,20,2,1775133,0.04922795295715332,0.09684483694212447,0.04065512308928317,0.09726305882788533,0.04024129542434331,0.4148323676287948,0.6219347714510687
AMDM,0.01,1.1,20,2,1775133,0.04891324043273926,0.005809979617401273,0.00014414389113878142,0.008206102426283434,0.00027511946178434334,0.034999484280290614,0.9993912221610893
ALS,0.01,1.1,20,3,2076253,0.03942704200744629,0.007874554747167119,0.00030539324194710856,0.009400056987062423,0.00030009816773449095,0.04027066409172853,0.9992741200249228
Oracle-AMDM,0.01,1.1,20,3,2076253,0.05774974822998047,0.107447640287638,0.04072827545313779,0.10626491407949795,0.040238019373096436,0.4552481613166456,0.702886684171325
AMDM,0.01,1.1,20,3,2076253,0.04770922660827637,0.008232490378632667,0.0002759813670127846,0.008710147542955607,0.00025267148862193067,0.037315031852947905,0.9993878266839824
ALS,0.01,1.1,20,4,2477373,0.03678488731384277,0.009459043972033359,0.0004052967748328603,0.011456888605714408,0.0005638644079428571,0.04808485250997787,0.9989014798640939
Oracle-AMDM,0.01,1.1,20,4,2477373,0.05716514587402344,0.010324022400189578,0.0003457616942561068,0.009808742287580484,0.000434820775449462,0.04116754054599452,0.9991899714361508
AMDM,0.01,1.1,20,4,2477373,0.05106782913208008,0.010329452088201303,0.00034641251247266266,0.009843205426385747,0.0004380795239276438,0.04131218321500463,0.9991860770236167
ALS,0.01,1.1,50,0,2478523,0.03672027587890625,0.09252123042171576,0.041631272505033984,0.091585720584337,0.04076400962345893,0.3769213560329123,0.7834350848347176
Oracle-AMDM,0.01,1.1,50,0,2478523,0.0592350959777832,0.00607008758513601,0.00013215988111382103,0.006908153615558975,0.00014623764292087647,0.028430530565760073,0.9996094716240471
AMDM,0.01,1.1,50,0,2478523,0.05214691162109375,0.006079227139793579,0.00013227177097977231,0.006933891489691446,0.0001475795481390937,0.028536454877514356,0.999603447237825
ALS,0.01,1.1,50,1,2579673,0.035717010498046875,0.11038044826382827,0.04033186844293016,0.11024841660456508,0.04019890644826502,0.4647303738865142,0.7652972293358851
Oracle-AMDM,0.01,1.1,50,1,2579673,0.057851314544677734,0.11051568993013713,0.04021873036399571,0.11043356793934704,0.04011470723172824,0.465510842683154,0.6059530363196718
AMDM,0.01,1.1,50,1,2579673,0.0507051944732666,0.005151189479228611,0.00010001947119798672,0.0054749964166455325,0.00011481909033183476,0.02307876348792521,0.9996945895843676
ALS,0.01,1.1,50,2,2780823,0.03730297088623047,0.004774616728911566,0.00010986903650049563,0.004516094248454736,9.296125258458597e-05,0.01893845619703744,0.9998040194504035
Oracle-AMDM,0.01,1.1,50,2,2780823,0.056654930114746094,0.005056906493358149,9.479654935859207e-05,0.004459706485838922,8.264538318327688e-05,0.018701991430449823,0.9998186187069067
AMDM,0.01,1.1,50,2,2780823,0.050318002700805664,0.005052178863222871,9.48278805887953e-05,0.004470087644871355,8.298732260725564e-05,0.01874552531499563,0.9998185132460424
ALS,0.01,1.1,50,3,3081973,0.03669381141662598,0.004834070519774883,0.00011554227658746563,0.006798909343605931,0.00016664507760054466,0.027754082271450247,0.99967334997245
Oracle-AMDM,0.01,1.1,50,3,3081973,0.05607104301452637,0.1072696613029136,0.040661862922724376,0.10661679693070784,0.04013630615334014,0.43522441673916784,0.6262368227080202
AMDM,0.01,1.1,50,3,3081973,0.04732012748718262,0.005077940014131525,0.00010316241435637442,0.006543441366451225,0.00015370235683765917,0.026711226881366134,0.999688511517213
ALS,0.01,1.1,50,4,3483123,0.03612399101257324,0.0052808343003293975,0.00011386735377892112,0.00531669779443295,9.22531248608713e-05,0.02243307136746043,0.9997947065024567
Oracle-AMDM,0.01,1.1,50,4,3483123,0.05807900428771973,0.121844619892684,0.039790941754962644,0.12288602574476172,0.04008664554475239,0.5185005979618285,0.7855557734349341
AMDM,0.01,1.1,50,4,3483123,0.05269289016723633,0.005683596120355849,9.474968556027155e-05,0.005319179441213438,9.09439013433764e-05,0.022443542332989782,0.9998025989456438
ALS,0.01,1.2,5,0,3484318,0.04323005676269531,0.006565278609951721,0.0009600274292351815,0.007347100676535307,0.0009126825583721981,0.045064900967252415,0.9985338493870166
Oracle-AMDM,0.01,1.2,5,0,3484318,0.060636281967163086,0.050276897171379155,0.040219215690055383,0.05034329894550512,0.040418204665305456,0.3087906211207434,0.6957477493311368
AMDM,0.01,1.2,5,0,3484318,0.0543210506439209,0.007743423736884399,0.000637525360185394,0.006279343327538355,0.0004542399682529079,0.03851559923476344,0.9989537162190893
ALS,0.01,1.2,5,1,3585513,0.037858009338378906,0.004836000307850299,0.0005303275102675647,0.006705473970497352,0.0005309545524604035,0.040102460060621535,0.9987424193361057
Oracle-AMDM,0.01,1.2,5,1,3585513,0.055641889572143555,0.049640723578773645,0.04071687301604749,0.04899982268182612,0.04040499737969229,0.29304616507663844,0.6374884662273369
AMDM,0.01,1.2,5,1,3585513,0.04805326461791992,0.005721999283939456,0.0003639241481546953,0.005662906476763217,0.0004021798917348675,0.03386732717338219,0.9989877777608243
ALS,0.01,1.2,5,2,3786708,0.037214040756225586,0.033572447638329624,0.04125333667592544,0.03540906163822718,0.041826831672929346,0.24649075135574328,0.7600212454930649
Oracle-AMDM,0.01,1.2,5,2,3786708,0.05573391914367676,0.034032469545937326,0.040714812130186524,0.03583297351467364,0.041334725867844126,0.24944170097427554,0.6603107638054075
AMDM,0.01,1.2,5,2,3786708,0.04964303970336914,0.009247240546156464,0.0006286321593297724,0.012326530057662068,0.0012510871909515158,0.08580785581287714,0.9971002074159963
ALS,0.01,1.2,5,3,4087903,0.037589073181152344,0.012288284246472218,0.003133618493746306,0.021682877721915548,0.005765060292171005,0.14535070514559445,0.9917496861099429
Oracle-AMDM,0.01,1.2,5,3,4087903,0.054926156997680664,0.01486122779324815,0.002325616309954369,0.020548896679885718,0.004260384918576027,0.13774908758381768,0.993490480882385
AMDM,0.01,1.2,5,3,4087903,0.04939389228820801,0.015041240372856726,0.0023920544012741114,0.01963547334073265,0.0037990593480444327,0.1316259738465599,0.9940965062325142
ALS,0.01,1.2,5,4,198422,0.03731489181518555,0.009525652878472127,0.0015047038835711533,0.012975342729855982,0.001848119520053284,0.08523232142629714,0.9936071018340179
Oracle-AMDM,0.01,1.2,5,4,198422,0.0585019588470459,0.08966992396217431,0.04025818477167793,0.08937864669086586,0.04100775304297177,0.5871096973704278,0.7638378561067899
AMDM,0.01,1.2,5,4,198422,0.052144765853881836,0.012286536298430333,0.0008163570392977266,0.010557604833803339,0.0009414202910553777,0.06935070521228091,0.996004657403636
ALS,0.01,1.2,10,0,199622,0.04806685447692871,0.0363102973487867,0.03936062260560424,0.03790433520542498,0.03961057758659028,0.24025971189076709,0.8156884766837849
Oracle-AMDM,0.01,1.2,10,0,199622,0.07121825218200684,0.007985055582888305,0.00046617705500419794,0.009036788079894236,0.000496911015921314,0.05728041630928175,0.9986163053412641
AMDM,0.01,1.2,10,0,199622,0.054624080657958984,0.007987989745528197,0.00046712584752984533,0.00919164305810701,0.0005141903280013341,0.058261977184802055,0.9985734377146518
ALS,0.01,1.2,10,1,300822,0.04311203956604004,0.006526686073417416,0.0008182266372305624,0.006376792541269431,0.000540259088624123,0.04087003874406074,0.9989283413121346
Oracle-AMDM,0.01,1.2,10,1,300822,0.05852079391479492,0.07812787771383709,0.08095629947217255,0.07733664725547544,0.08020701789465254,0.4956648266681462,0.32902209420041384
AMDM,0.01,1.2,10,1,300822,0.04965710639953613,0.008381931693947683,0.0005218904009818215,0.006432058363326787,0.000398961330974997,0.04122424758402041,0.9990778641779119
ALS,0.01,1.2,10,2,502022,0.03643512725830078,0.009238310728320272,0.000957374880596102,0.010071396442554023,0.0010745501138799405,0.06740980879879557,0.9971690187651714
Oracle-AMDM,0.01,1.2,10,2,502022,0.055130720138549805,0.05422358746932875,0.041647978468707464,0.05225872551248419,0.04054572670742295,0.34977778056485276,0.7855534057605873
AMDM,0.01,1.2,10,2,502022,0.05042672157287598,0.01021848696890256,0.0006743675683647031,0.009187928673727589,0.0007142986996722018,0.0614965877557973,0.9978699910593003
ALS,0.01,1.2,10,3,803222,0.03659796714782715,0.006134770706662511,0.0009483350437471658,0.007588420154055381,0.0007730700254824351,0.049499678213292146,0.9984689947773759
Oracle-AMDM,0.01,1.2,10,3,803222,0.05858302116394043,0.11590615687402699,0.08148881859260879,0.11624336000067637,0.08054335124209003,0.7582617722333568,0.35895898761934486
AMDM,0.01,1.2,10,3,803222,0.04867410659790039,0.007315143627133337,0.0007090087669798726,0.0062577585585279205,0.0004249344189471058,0.04081970010820599,0.9990253896265248
ALS,0.01,1.2,10,4,1204422,0.03704023361206055,0.007231281277145106,0.001203700611764239,0.008016955603180982,0.0007888461784132653,0.05242942451268627,0.9983971588734644
Oracle-AMDM,0.01,1.2,10,4,1204422,0.05552792549133301,0.008789462363130466,0.0007795350079161778,0.008670732608970498,0.0008924683845782905,0.056705006650071554,0.9981831644023202
AMDM,0.01,1.2,10,4,1204422,0.04935288429260254,0.008862897716051156,0.0007843508878804865,0.008784783376758141,0.0008938761237387856,0.057450877828148623,0.9982164969239742
ALS,0.01,1.2,20,0,1205632,0.036925315856933594,0.004190901526351814,0.0003802378213837542,0.005002619475851621,0.00027668476370515697,0.03290610259962609,0.9993818714129864
Oracle-AMDM,0.01,1.2,20,0,1205632,0.057708024978637695,0.08508027438293415,0.040974178999119155,0.08514708605695231,0.04019514908770264,0.5600783276389997,0.6849495866742433
AMDM,0.01,1.2,20,0,1205632,0.046137094497680664,0.00484185809965593,0.00028047632594378725,0.004111475562911024,0.00019260771570767842,0.02704435893277173,0.9995998274043971
ALS,0.01,1.2,20,1,1306842,0.03642630577087402,0.004225728099305398,0.0003259293717813989,0.006508919866757326,0.0003560982894373243,0.0433061933230003,0.999069463115284
Oracle-AMDM,0.01,1.2,20,1,1306842,0.05142688751220703,0.06614849137605722,0.04012638004000378,0.06631886208695383,0.040231800351939906,0.4412433278165131,0.64921216620045
AMDM,0.01,1.2,20,1,1306842,0.051184892654418945,0.005393199785107306,0.00021553606322107362,0.004947015096917384,0.00016043142464517693,0.032914277106569384,0.9995469584443916
ALS,0.01,1.2,20,2,1508052,0.03632092475891113,0.006782176551676172,0.0006319737622125034,0.007925696536473436,0.0005823280491500858,0.049715126658170045,0.998317878028255
Oracle-AMDM,0.01,1.2,20,2,1508052,0.05437517166137695,0.008339171965289244,0.00033782593652036076,0.0070761706029625684,0.000330375017987542,0.04438634713834689,0.9991352977896119
AMDM,0.01,1.2,20,2,1508052,0.05187106132507324,0.008357845471870058,0.00033841199749268177,0.007144257897042243,0.0003298260089156125,0.044813434957493854,0.9991410265693237
ALS,0.01,1.2,20,3,1809262,0.04250288009643555,0.0035315059310965804,0.00032345238870839816,0.00793195029356047,0.0004204002981769797,0.051580783744262275,0.9986032069677403
Oracle-AMDM,0.01,1.2,20,3,1809262,0.05834197998046875,0.053601356089370465,0.04110262625046497,0.05343273025460431,0.04027958296520681,0.3474684033718389,0.6605502585187294
AMDM,0.01,1.2,20,3,1809262,0.04905891418457031,0.004547014551463081,0.00020381651858867217,0.007473842832239512,0.00032865378015312373,0.048601750717137425,0.9989370103845909
ALS,0.01,1.2,20,4,2210472,0.04026603698730469,0.005480868555392902,0.0005227100064341847,0.009127151606253315,0.0007275552388280528,0.0576693751976443,0.9981888711214285
Oracle-AMDM,0.01,1.2,20,4,2210472,0.0589449405670166,0.11050306264784875,0.03929649825689888,0.11142393687232927,0.04034157231856925,0.7040256477263394,0.7466958773771164
AMDM,0.01,1.2,20,4,2210472,0.052110910415649414,0.00691902440636091,0.0002876954467188813,0.008154638529223674,0.0004388619712229146,0.051524608030041566,0.9990006179057319
ALS,0.01,1.2,50,0,2211712,0.04311394691467285,0.002964991920549221,0.00020004232730564157,0.004034733115989663,0.00017962660161591527,0.02708226548226859,0.9996138291521556
Oracle-AMDM,0.01,1.2,50,0,2211712,0.06564188003540039,0.04848770990995849,0.04042673896193622,0.049308626679030666,0.040144425677008586,0.3309733952403016,0.6484392764247213
AMDM,0.01,1.2,50,0,2211712,0.06370878219604492,0.0035236027371816437,0.00012811405208315121,0.003208758934948733,0.00014406897281269397,0.021538094056455962,0.9997441620761472
ALS,0.01,1.2,50,1,2312952,0.0454709529876709,0.0029812981837434903,0.00018026105139563533,0.00357321032465777,0.0001600432060026695,0.02309964188554518,0.9996742757085922
Oracle-AMDM,0.01,1.2,50,1,2312952,0.059030771255493164,0.0412331546100589,0.04027081511836658,0.04076822520102282,0.04005744872635996,0.26355330833851237,0.626529925068861
AMDM,0.01,1.2,50,1,2312952,0.052188873291015625,0.0033264644990486634,0.00011402796744945873,0.002576969873009601,6.121629431055603e-05,0.01665927158151876,0.9998482467008177
ALS,0.01,1.2,50,2,2514192,0.04281282424926758,0.0036410915911705664,0.00023986966511818959,0.005697691069027008,0.00026497990572620897,0.03795047409380387,0.9991147348865725
Oracle-AMDM,0.01,1.2,50,2,2514192,0.0601348876953125,0.09350595692653459,0.07997185595033422,0.09354652150632754,0.08012883517696835,0.6230830696121974,0.2434454996882546
AMDM,0.01,1.2,50,2,2514192,0.05378007888793945,0.004744306295372027,0.0001157770546773941,0.0037736159856973273,0.00010678831024437608,0.025134833386048532,0.9996006930363703
ALS,0.01,1.2,50,3,2815432,0.036865949630737305,0.004378204210391027,0.0002820310657007829,0.006653341395164892,0.00039284556952469093,0.04435685491774251,0.9991282419436708
Oracle-AMDM,0.01,1.2,50,3,2815432,0.05779004096984863,0.047574238909767294,0.04008219362568108,0.04840723755061376,0.04024878320652254,0.32272397964753124,0.7055800128459968
AMDM,0.01,1.2,50,3,2815432,0.0455479621887207,0.0053884815442347975,0.00017668329143092991,0.005506420250632754,0.00023018185151024533,0.036710499231399074,0.9994741240551844
ALS,0.01,1.2,50,4,3216672,0.04128289222717285,0.002701442601480147,0.00012358029275974077,0.0034393559961674383,0.00011849438127587188,0.023655071372232536,0.999681449281101
Oracle-AMDM,0.01,1.2,50,4,3216672,0.06111884117126465,0.052208609421433155,0.039849140679660125,0.05234064499091703,0.040079481755585615,0.3599864900023429,0.7365338031940555
AMDM,0.01,1.2,50,4,3216672,0.05045890808105469,0.003009374689983183,8.855965325026457e-05,0.003533661252124294,0.00010656989554287899,0.024303680461527716,0.999666090147462
ALS,0.01,1.5,5,0,3218177,0.037338972091674805,0.0016532945931619582,0.0038179337564287867,0.006884771522901382,0.003211607554738018,0.08299736736032785,0.9930990994181043
Oracle-AMDM,0.01,1.5,5,0,3218177,0.05593585968017578,0.004181428588116238,0.001473930301317239,0.005169906819571155,0.0018400048263842192,0.06232431302844233,0.9984134923668186
AMDM,0.01,1.5,5,0,3218177,0.04941987991333008,0.004510134856248016,0.0015150930010034817,0.004937985939080982,0.0017363710472772978,0.059528458082124265,0.9986198264170507
ALS,0.01,1.5,5,1,3319682,0.03767228126525879,0.00680330553019722,0.0859344818773967,0.01880646728742794,0.08798265665029847,0.19661439673008385,0.6586285656469649
Oracle-AMDM,0.01,1.5,5,1,3319682,0.053659915924072266,0.04678213054037553,0.04358284670570017,0.048925324623701354,0.046561936555156,0.5114954892215781,0.7444053184124193
AMDM,0.01,1.5,5,1,3319682,0.04681396484375,0.013670598699121067,0.005553359054695179,0.012109896974798222,0.005487862062063513,0.12660432455355913,0.9884018238551976
ALS,0.01,1.5,5,2,3521187,0.03668689727783203,0.0031076772882802674,0.011385019824090058,0.007270747593238339,0.009671545159986613,0.10746706972058857,0.9844710885315701
Oracle-AMDM,0.01,1.5,5,2,3521187,0.058199167251586914,0.020364266811878442,0.04094623441135489,0.022510230505423695,0.04291383268569685,0.3327179880928083,0.641754632614264
AMDM,0.01,1.5,5,2,3521187,0.04563188552856445,0.00864998080655881,0.0028663836499363492,0.008377834949020401,0.0029865478008639684,0.12383064616508761,0.995896596038782
ALS,0.01,1.5,5,3,3822692,0.037419795989990234,0.0021967262127410556,0.005686897450425511,0.004674060135822217,0.005294819138061567,0.052073191399841415,0.9922584009780501
Oracle-AMDM,0.01,1.5,5,3,3822692,0.053012847900390625,0.015682941258396366,0.04267927978173265,0.016206589118390093,0.041681082047693246,0.18055583209822318,0.7987602675023997
AMDM,0.01,1.5,5,3,3822692,0.047714948654174805,0.004460674588302328,0.0008909647950482965,0.005385071234995521,0.0013677215684014725,0.059994488083832426,0.9958146361942608
ALS,0.01,1.5,5,4,4224197,0.036357879638671875,0.001887065298500809,0.005211643107821438,0.00990362762837924,0.007309857118501565,0.1214817158550728,0.9930931349198893
Oracle-AMDM,0.01,1.5,5,4,4224197,0.057806968688964844,0.025779562097639833,0.04275807324072122,0.026376426122563218,0.04186413441171246,0.32354341497166433,0.7057570241152611
AMDM,0.01,1.5,5,4,4224197,0.05037212371826172,0.0037668075233965813,0.0014747137581304492,0.010056514610787954,0.0023473013962383186,0.12335708654264725,0.9971564624932148
ALS,0.01,1.5,10,0,4225707,0.038994789123535156,0.0015284867095187876,0.001798973649278125,0.005748722879886201,0.001814288341488107,0.10058901799133503,0.9973843939766486
Oracle-AMDM,0.01,1.5,10,0,4225707,0.05751967430114746,0.044437672601984154,0.08450965090569668,0.041186804209358566,0.08044674453012074,0.7206714040985003,0.4086906064888868
AMDM,0.01,1.5,10,0,4225707,0.0522308349609375,0.0031639110483640707,0.0005986954785664765,0.005854974181690782,0.0007145299036434007,0.10244816381069924,0.9988720806848675
ALS,0.01,1.5,10,1,36541,0.040084123611450195,0.006922241255729009,0.051540047662668384,0.007826662376216466,0.052411627121800156,0.09341045973921264,0.765600518804422
Oracle-AMDM,0.01,1.5,10,1,36541,0.05862689018249512,0.022794834459867044,0.041257880885636165,0.021927787109907195,0.040263019451813556,0.2617060218701021,0.7972920341144577
AMDM,0.01,1.5,10,1,36541,0.04747819900512695,0.002679963610522426,0.0005235950126294835,0.0020705344181317763,0.0003120728755016738,0.02471162835531046,0.9994443998818733
ALS,0.01,1.5,10,2,238051,0.03978085517883301,0.009799335537445405,0.054145869695767075,0.0124758775295974,0.05484762403351709,0.1355090217717814,0.5470812704970779
Oracle-AMDM,0.01,1.5,10,2,238051,0.07297396659851074,0.002586422672675807,0.000396847936612302,0.007247335972170501,0.0004729899936365013,0.07871826296069442,0.9970244493339416
AMDM,0.01,1.5,10,2,238051,0.06586718559265137,0.002554038386062985,0.0003974299100332005,0.007332146146715378,0.00048105614353681627,0.0796394441570957,0.9969830514379169
ALS,0.01,1.5,10,3,539561,0.05347299575805664,0.002085617241934353,0.0033816664262759015,0.0033191060460840143,0.0033401719439211694,0.03508429639805099,0.9927517712154732
Oracle-AMDM,0.01,1.5,10,3,539561,0.06848692893981934,0.022266130976258167,0.03828894798849089,0.022508082364634276,0.04041907647737561,0.23791955486455846,0.731833119357358
AMDM,0.01,1.5,10,3,539561,0.05185270309448242,0.0029239852253048013,0.0003628419368040301,0.003428774084462008,0.0005112267069688825,0.03624353202066266,0.9989251645341792
ALS,0.01,1.5,10,4,941071,0.03727102279663086,0.0036591991608999064,0.015947709154642907,0.005826006675066251,0.01837024137685656,0.05809754252553257,0.9427997783631893
Oracle-AMDM,0.01,1.5,10,4,941071,0.05246281623840332,0.011908477039553318,0.04028373205000562,0.012164377184829583,0.04049226322634203,0.12130443032563439,0.7866657998919625
AMDM,0.01,1.5,10,4,941071,0.04783225059509277,0.0029769863995356546,0.0003326168906408617,0.003078939612336026,0.00047758597190994607,0.030703504997135093,0.998883029544397
ALS,0.01,1.5,20,0,942591,0.03774404525756836,0.011196402099630583,0.11965865130382466,0.013386492245455944,0.11822154474412934,0.09800714527558435,0.3911086679570071
Oracle-AMDM,0.01,1.5,20,0,942591,0.056329965591430664,0.014440681234841546,0.03956753857684238,0.017071370972246674,0.04022424917867346,0.12498541845406248,0.7474697410621942
AMDM,0.01,1.5,20,0,942591,0.0456089973449707,0.00258661451266802,0.00030121621847262355,0.0064140772418202815,0.0002344999853824828,0.04695968058856398,0.9993621674069418
ALS,0.01,1.5,20,1,1044111,0.041220903396606445,0.005409843702297302,0.045930488636749325,0.006453751710986275,0.04555341267090681,0.06947807534660021,0.8007016212119072
Oracle-AMDM,0.01,1.5,20,1,1044111,0.07545804977416992,0.006636609631533779,0.04013282461200248,0.007741236704490537,0.04024074024074018,0.08333853719765522,0.6477387220178239
AMDM,0.01,1.5,20,1,1044111,0.07151389122009277,0.002308832537228607,0.0001829207014202318,0.0023078825091376607,0.00023915871204317171,0.024845584714392823,0.9993416990895725
ALS,0.01,1.5,20,2,1245631,0.08870601654052734,0.0019940405866127977,0.004491166017028889,0.004420680644941927,0.004493317720258794,0.06282215851796379,0.9830893895815066
Oracle-AMDM,0.01,1.5,20,2,1245631,0.1048879623413086,0.03516775528416805,0.07974291034329403,0.03435096115084005,0.08025070841252216,0.48816046667646995,0.5771184198251683
AMDM,0.01,1.5,20,2,1245631,0.08039593696594238,0.0025774193415435158,0.00039069732977189904,0.0036316312984096353,0.00040103107117514736,0.051609002194838674,0.9981629155173802
ALS,0.01,1.5,20,3,1547151,0.05491805076599121,0.0015765905843814793,0.0027521710689699225,0.002840689617217796,0.00293958181121165,0.04801026729972516,0.9960298555847341
Oracle-AMDM,0.01,1.5,20,3,1547151,0.08834004402160645,0.042078239932124346,0.039248339343550515,0.04200025891825708,0.040317389296583864,0.7098430061141688,0.6711784501824153
AMDM,0.01,1.5,20,3,1547151,0.07395195960998535,0.0024952587256397538,0.00024974440876057653,0.002284671480776352,0.0003981406733934966,0.0386130493874797,0.9984822632811527
ALS,0.01,1.5,20,4,1948671,0.056819915771484375,0.0015049399254667434,0.002239255126962201,0.0037499137242063977,0.002152834564209041,0.04618750825306602,0.9940748884290007
Oracle-AMDM,0.01,1.5,20,4,1948671,0.07938003540039062,0.0029473211950081742,0.00041631451284201705,0.002775494142436322,0.0004744059515047712,0.034185628800631626,0.9991704967621649
AMDM,0.01,1.5,20,4,1948671,0.06990289688110352,0.00290562888777429,0.00041715540819083557,0.0027976748976204615,0.00046450289434244065,0.0344588281029285,0.9991897418399768
ALS,0.01,1.5,50,0,1950221,0.0562281608581543,0.001134097016809989,0.0006657227528719554,0.0022839190500999265,0.0006152995986197896,0.027043668214151804,0.9978766089642805
Oracle-AMDM,0.01,1.5,50,0,1950221,0.0770881175994873,0.007312549046933365,0.04090026103907049,0.007191806987400235,0.040177097959343516,0.0851575024162792,0.6395624469768592
AMDM,0.01,1.5,50,0,1950221,0.07258987426757812,0.0016288772054866012,0.00015340249227352884,0.002590859782094954,0.00017930755270734904,0.030678124223929924,0.9995175879874727
ALS,0.01,1.5,50,1,2051771,0.06429386138916016,0.0014742624571606685,0.0034514157768423337,0.0026638422690816173,0.003429689206158715,0.046369479916262536,0.9968249464239601
Oracle-AMDM,0.01,1.5,50,1,2051771,0.15477895736694336,0.031145525691473924,0.03979365773835167,0.03066185196951166,0.04015774563748651,0.533730598691136,0.7860803447720894
AMDM,0.01,1.5,50,1,2051771,0.08055996894836426,0.0016833242175727432,0.0001272481082153844,0.0017377908125313741,0.00015770736879781186,0.030249710020601152,0.9995620047064137
ALS,0.01,1.5,50,2,2253321,0.0661470890045166,0.00153443419199088,0.0030318935758092865,0.0024921822246441517,0.0029848522274457745,0.03980227639371381,0.9964184978978562
Oracle-AMDM,0.01,1.5,50,2,2253321,0.1500239372253418,0.03196430273877731,0.040385739168791984,0.03200546679110292,0.04009821386253104,0.511154610899771,0.7266082696546794
AMDM,0.01,1.5,50,2,2253321,0.08626890182495117,0.0015547792124089726,0.00012146542843038633,0.0014418952345350605,0.00010112537230754793,0.023028297083668454,0.9998190611187947
ALS,0.01,1.5,50,3,2554871,0.07390213012695312,0.001787220133259214,0.0027528372897094593,0.003186629061418213,0.0029964135746060024,0.04852949143635053,0.9957055248656648
Oracle-AMDM,0.01,1.5,50,3,2554871,0.11926603317260742,0.0015709010887281808,7.015796914653803e-05,0.0020290492595101146,0.0001143104208400913,0.030900593312076896,0.9996677451591974
AMDM,0.01,1.5,50,3,2554871,0.10292506217956543,0.001570637334649134,7.010992999446503e-05,0.0020445365247901935,0.00011486110768908258,0.03113645041790759,0.999671243789313
ALS,0.01,1.5,50,4,2956421,0.11908507347106934,0.001490428896120858,0.003314866328488853,0.002363704016079426,0.0031108822925759454,0.03798930325617052,0.9973150582422166
Oracle-AMDM,0.01,1.5,50,4,2956421,0.10898613929748535,0.05145932708958359,0.07939134061907856,0.05259240060751276,0.08019423860960168,0.8452617764565633,0.4978628215421059
AMDM,0.01,1.5,50,4,2956421,0.09784603118896484,0.0011652398276617354,0.00015937666275385085,0.0019335825854388444,0.0001534526613528943,0.03107641849799955,0.9998132287097704
ALS,0.03,1.01,5,0,2959436,0.07860398292541504,0.19162562383472714,0.04310159060590802,0.2030134444911272,0.048378385323445114,0.48868373859622005,0.7883548233952432
Oracle-AMDM,0.03,1.01,5,0,2959436,0.12740683555603027,0.18153595157178648,0.03863217853107783,0.1951308583903177,0.04451931550657111,0.4697091743489811,0.6686240946521466
AMDM,0.03,1.01,5,0,2959436,0.09279322624206543,0.0705679422930592,0.005822812046887407,0.07859626908126122,0.007101304586326863,0.18919298034975165,0.9829259067645015
ALS,0.03,1.01,5,1,3062451,0.10812115669250488,0.07051321902708393,0.005885779577459996,0.07571577939418571,0.006632978039103006,0.18224320538728003,0.9861717706813931
Oracle-AMDM,0.03,1.01,5,1,3062451,0.13628697395324707,0.0705446784839344,0.005880189279230936,0.07610136869536659,0.006699975749406895,0.18317129502424204,0.9860042841446839
AMDM,0.03,1.01,5,1,3062451,0.09929919242858887,0.07339216845675284,0.0063415890346150815,0.07659558708567737,0.006785114050620003,0.18436084817065654,0.9851645138413622
ALS,0.03,1.01,5,2,3265466,0.10241889953613281,0.08428406912076918,0.008123671626402191,0.1156224937830146,0.015149244987658662,0.2783471763098215,0.9736994636241008
Oracle-AMDM,0.03,1.01,5,2,3265466,0.12234997749328613,0.08433153439572656,0.00811373081446516,0.11494308047369524,0.0149675962340627,0.27671157090114334,0.9741772741895716
AMDM,0.03,1.01,5,2,3265466,0.08530592918395996,0.08903905704928379,0.00900679413900334,0.09544790681595314,0.010366118235469582,0.22977929706967118,0.9824209336787251
ALS,0.03,1.01,5,3,3568481,0.09421420097351074,0.12532388110034104,0.018278893829953267,0.1660532605385488,0.03177282140337792,0.39979196333495665,0.9312991711327918
Oracle-AMDM,0.03,1.01,5,3,3568481,0.10026788711547852,0.2075904356891979,0.04938759393681724,0.25428520708629826,0.07378299412583479,0.6122203313464408,0.6136524542585482
AMDM,0.03,1.01,5,3,3568481,0.08495283126831055,0.1350509270740653,0.021210338429208553,0.14469364952406683,0.023918508948846996,0.34836628945264037,0.945857830809987
ALS,0.03,1.01,5,4,3971496,0.06839418411254883,0.0639074591278969,0.004839680275635723,0.09545282151607652,0.010448585451051677,0.2297167622716844,0.9850229086776403
Oracle-AMDM,0.03,1.01,5,4,3971496,0.0913231372833252,0.06394366750136467,0.004833973275023277,0.09561627483106684,0.010483936546196273,0.2301101290229839,0.9849956362509484
AMDM,0.03,1.01,5,4,3971496,0.07779788970947266,0.064894974182753,0.004972390452514201,0.09058372220723598,0.0094114892886604,0.21799878777244175,0.9870422087567146
ALS,0.03,1.01,10,0,3974516,0.08207988739013672,0.0812872931281961,0.007615716042310776,0.078064580206204,0.006944680080363569,0.18791939516706652,0.9849486098582056
Oracle-AMDM,0.03,1.01,10,0,3974516,0.19085288047790527,0.08133836101389225,0.007604876937133376,0.0776534407612657,0.006867199404576964,0.1869296879833726,0.9851783133530635
AMDM,0.03,1.01,10,0,3974516,0.09909868240356445,0.08275188688984783,0.007826280985506086,0.07503372832482035,0.006402286714273951,0.18062343775736642,0.9861634784723659
ALS,0.03,1.01,10,1,4077536,0.08156919479370117,0.19242050542176828,0.042399612691595735,0.1956201557907436,0.04394321859600442,0.4708308278423944,0.7599061292324021
Oracle-AMDM,0.03,1.01,10,1,4077536,0.16143274307250977,0.19412216160603107,0.0431806483827946,0.1941822940763864,0.04322907279343758,0.46737009232382204,0.6017838278845254
AMDM,0.03,1.01,10,1,4077536,0.10750412940979004,0.0495487351911798,0.0028850373118447232,0.04831348627282371,0.002782395752797857,0.11628392097856674,0.9934367862859501
ALS,0.03,1.01,10,2,4280556,0.08426117897033691,0.19196527499053542,0.04414519670329541,0.19362564443686978,0.04499896670592141,0.4660967094189953,0.6584032604372553
Oracle-AMDM,0.03,1.01,10,2,4280556,0.10016202926635742,0.1959222240005678,0.043641869775714985,0.20220450451531638,0.046553332453783465,0.48674778828181425,0.7532617481426805
AMDM,0.03,1.01,10,2,4280556,0.09565210342407227,0.06869509983439906,0.005324922420192088,0.072373629882207,0.0060416929429551345,0.17421819736178273,0.9862299282569345
ALS,0.03,1.01,10,3,292900,0.16940903663635254,0.06120842087905809,0.0043349244931685975,0.0685582269623221,0.005421777848771252,0.1650075904105364,0.987901430996686
Oracle-AMDM,0.03,1.01,10,3,292900,0.1636190414428711,0.061262845539594546,0.004326982435567048,0.06783502096342174,0.005305196631778265,0.16326696080944453,0.9881975085379355
AMDM,0.03,1.01,10,3,292900,0.0950770378112793,0.062104776773372436,0.0044405052870643965,0.06826377162078263,0.005378942878943337,0.16429888820886424,0.9880639321398259
ALS,0.03,1.01,10,4,695920,0.10105586051940918,0.09566539310800465,0.01071446911989594,0.11669929005668522,0.015427364110184682,0.28092985971024176,0.9630755054153394
Oracle-AMDM,0.03,1.01,10,4,695920,0.09441208839416504,0.2147395914063448,0.05311248876767747,0.2191788336880287,0.054883921961604444,0.5276285654310628,0.5542690282195675
AMDM,0.03,1.01,10,4,695920,0.09305405616760254,0.10014170912636791,0.01160990116301771,0.10281704161148034,0.011955612322661603,0.2475111636215185,0.9713633334639387
ALS,0.03,1.01,20,0,698950,0.0680692195892334,0.05556299993691479,0.003653441553472632,0.06579086047300899,0.005158221925165276,0.15836627288649227,0.9871656572636212
Oracle-AMDM,0.03,1.01,20,0,698950,0.11902976036071777,0.18184690955956806,0.03794740742194229,0.19329234658724842,0.043354553927871534,0.4652772176321502,0.7464011677666571
AMDM,0.03,1.01,20,0,698950,0.1033179759979248,0.059681330951818316,0.004134273730659092,0.07695301920028551,0.006989461431571034,0.18523489053789732,0.9819204512671809
ALS,0.03,1.01,20,1,801980,0.10240006446838379,0.049311534858626584,0.002844077005699597,0.0494566604724592,0.0027895490464012367,0.11904687574040823,0.9939601086370746
Oracle-AMDM,0.03,1.01,20,1,801980,0.11996197700500488,0.27268888752808196,0.08714297536553406,0.26483308751228585,0.08251383891072796,0.637478377226469,0.24539168183424948
AMDM,0.03,1.01,20,1,801980,0.09607815742492676,0.049635442769213896,0.002871630410280644,0.04902834751158262,0.0027414580561214708,0.11801588579194872,0.9940906251119012
ALS,0.03,1.01,20,2,1005010,0.06706905364990234,0.06350827772293995,0.004787773497306006,0.06214859800766882,0.0045439763909778455,0.1495721687685192,0.9898051669113291
Oracle-AMDM,0.03,1.01,20,2,1005010,0.10046815872192383,0.18460814928368133,0.041908067702266454,0.18966846808116086,0.0440275838684258,0.45647247125995155,0.6788952359103593
AMDM,0.03,1.01,20,2,1005010,0.08677983283996582,0.06434323741826808,0.004903486383243011,0.06210075944430204,0.004537184762809856,0.14945703636162794,0.9897650565906957
ALS,0.03,1.01,20,3,1308040,0.09614682197570801,0.052837853574182636,0.0032575533786727727,0.07707292453756967,0.006819992236872848,0.18555421054900467,0.9848976557943632
Oracle-AMDM,0.03,1.01,20,3,1308040,0.14036178588867188,0.18590507335523815,0.04155114908742591,0.19661574504226353,0.04619216020614094,0.4733553264225466,0.6748600917671002
AMDM,0.03,1.01,20,3,1308040,0.06682300567626953,0.0540519825351656,0.0034019921866607155,0.07540414300662043,0.00651756529980479,0.18153659422768414,0.9856818553072697
ALS,0.03,1.01,20,4,1711070,0.05743002891540527,0.04100387004295102,0.001995027868264243,0.036086722910920854,0.0015141294894679364,0.08685452604007729,0.9964037093932401
Oracle-AMDM,0.03,1.01,20,4,1711070,0.07450294494628906,0.18625472322545053,0.04034822553708015,0.18999690921911783,0.04189591952393541,0.4572898331622148,0.773027842927289
AMDM,0.03,1.01,20,4,1711070,0.0661768913269043,0.04118702302348735,0.002005725347171204,0.034818141482066724,0.0014079177485259494,0.08380126905638412,0.9966596886896495
ALS,0.03,1.01,50,0,1714130,0.05091977119445801,0.039686792899018795,0.001785261079027929,0.03335180066644322,0.0012824447521608672,0.08027834282701839,0.9971077094763494
Oracle-AMDM,0.03,1.01,50,0,1714130,0.07941722869873047,0.2695884286249921,0.08581817528679964,0.26318030831087613,0.08152642691861393,0.6334794102184245,0.3871763575090582
AMDM,0.03,1.01,50,0,1714130,0.07672691345214844,0.039815868763618374,0.0017949326523838066,0.03293759966989878,0.0012523307334589618,0.07928135409071477,0.997193902690657
ALS,0.03,1.01,50,1,1817190,0.050205230712890625,0.03220901775396852,0.0012028890101865911,0.03684487229560258,0.00156636381453759,0.08868817852814022,0.9962547600748879
Oracle-AMDM,0.03,1.01,50,1,1817190,0.06594300270080566,0.032227175918970646,0.0012009814850343506,0.036967656908472764,0.0015763181282650643,0.08898372965882059,0.9962478078945354
AMDM,0.03,1.01,50,1,1817190,0.06865620613098145,0.03233793961395777,0.0012090815543507373,0.03629281524124036,0.0015205335428633317,0.08735933867758551,0.996391921271124
ALS,0.03,1.01,50,2,2020250,0.053832054138183594,0.1884758496756216,0.042146068516263874,0.18643200389780912,0.04112083706036955,0.4487367980266806,0.7797985127417035
Oracle-AMDM,0.03,1.01,50,2,2020250,0.07665324211120605,0.1944022161093669,0.04236212733135449,0.19137954577006772,0.04104449654380178,0.46064539768469426,0.661884434292296
AMDM,0.03,1.01,50,2,2020250,0.06728219985961914,0.02881263066236197,0.0009549415248137828,0.028210405686087625,0.000928696711833365,0.06790168454954525,0.9977945468725155
ALS,0.03,1.01,50,3,2323310,0.049683332443237305,0.02869527221932669,0.000978054065937728,0.03506795257261717,0.0014348753266535388,0.084430894296687,0.9967417690292244
Oracle-AMDM,0.03,1.01,50,3,2323310,0.06000208854675293,0.19100512671805794,0.043892149892659424,0.18445443210607665,0.04092821806273989,0.4440992848799585,0.7638084398715971
AMDM,0.03,1.01,50,3,2323310,0.052056074142456055,0.028834726757497212,0.0009864461591162263,0.03469901365922756,0.0014039100035624285,0.08354262337942062,0.9968461899112725
ALS,0.03,1.01,50,4,2726370,0.0434422492980957,0.032081768946660406,0.0011896349978943997,0.04217522773127685,0.0020789914027013147,0.10152401587439917,0.9952177567071633
Oracle-AMDM,0.03,1.01,50,4,2726370,0.05799603462219238,0.1949789775283985,0.04459781508929179,0.1891726200289428,0.04184645181411839,0.45537546830072867,0.6947326576048879
AMDM,0.03,1.01,50,4,2726370,0.05275917053222656,0.03229869822939909,0.0012003740772853955,0.04198363259998935,0.002062935702574718,0.10106280894804358,0.9952539188922479
ALS,0.03,1.05,5,0,2729425,0.042099952697753906,0.05964943894565328,0.0067191913038710145,0.09592895148787065,0.015582869818839344,0.3035498531382194,0.9658337337009124
Oracle-AMDM,0.03,1.05,5,0,2729425,0.05963706970214844,0.19532261302832943,0.07611200269020237,0.21868318557927446,0.09482288362700539,0.6919834714838936,0.3122856479554533
AMDM,0.03,1.05,5,0,2729425,0.052558183670043945,0.06257528748505209,0.0069854751372966,0.09605578666205963,0.015602252214179862,0.30395120015495086,0.9653221523523496
ALS,0.03,1.05,5,1,2832480,0.042752981185913086,0.0412374171319813,0.0036708704485702696,0.051434280489576635,0.005285092494460745,0.16264097831979812,0.9890262867832137
Oracle-AMDM,0.03,1.05,5,1,2832480,0.05883193016052246,0.2068285252551359,0.08344637571274983,0.20937786610543604,0.08541092855419076,0.6620763556476867,0.17336678058979743
AMDM,0.03,1.05,5,1,2832480,0.05223202705383301,0.042506645786702435,0.0036916910722339744,0.04401126013356564,0.003831129869487793,0.13916855328929603,0.9921415120499804
ALS,0.03,1.05,5,2,3035535,0.0441899299621582,0.0762625970897517,0.012349983547256735,0.06875465083621758,0.008748658303412106,0.2167321028115271,0.9776702253629421
Oracle-AMDM,0.03,1.05,5,2,3035535,0.05965900421142578,0.07711263163914778,0.012087976199135419,0.06667956663315856,0.008239253570478831,0.2101909109449391,0.9790392554572467
AMDM,0.03,1.05,5,2,3035535,0.05172991752624512,0.08425248030668128,0.014661254666342488,0.08458509520796843,0.013665536358489837,0.2666336797288976,0.9646376659476348
ALS,0.03,1.05,5,3,3338590,0.03756070137023926,0.04664033625503528,0.0044128467178129694,0.07201024152491967,0.0093301058835581,0.22750659281171268,0.9783574210873308
Oracle-AMDM,0.03,1.05,5,3,3338590,0.05901193618774414,0.047554660757363684,0.004251659784860726,0.06742790600701311,0.00827727427741362,0.21302932515196948,0.9811525639663461
AMDM,0.03,1.05,5,3,3338590,0.05417490005493164,0.04889886956416822,0.004396294800066954,0.0644167804752876,0.007664592963291339,0.2035160823722718,0.982575075752349
ALS,0.03,1.05,5,4,3741645,0.04496002197265625,0.07265003090689597,0.013075238284807573,0.08180328490451325,0.015742951905671487,0.25805300601445896,0.9705506462987492
Oracle-AMDM,0.03,1.05,5,4,3741645,0.07159304618835449,0.07401113709028381,0.012652524983973987,0.08587252640304757,0.01724812293148243,0.2708896543485851,0.9675836441876939
AMDM,0.03,1.05,5,4,3741645,0.06358504295349121,0.07781234893452553,0.014258192373758135,0.06878824167554266,0.010974248352719174,0.2169963292249589,0.9794895406371786
ALS,0.03,1.05,10,0,3744705,0.04442119598388672,0.05070040821441082,0.005098318879168921,0.056681426100469175,0.006421852394403951,0.17797649255397832,0.9834770697122128
Oracle-AMDM,0.03,1.05,10,0,3744705,0.05895090103149414,0.05127409866336282,0.004980488705218276,0.05722871754187989,0.00664844846125251,0.17969495692314286,0.9831000117994109
AMDM,0.03,1.05,10,0,3744705,0.05393099784851074,0.05310182194979046,0.005582045121068213,0.06147482681030219,0.007516054954546387,0.19302750140173858,0.980402341568492
ALS,0.03,1.05,10,1,3847765,0.04042410850524902,0.03710875841013193,0.002895944495927005,0.053009429218776896,0.006160701376575005,0.16754364592780557,0.988754157389552
Oracle-AMDM,0.03,1.05,10,1,3847765,0.05611300468444824,0.1462266370961011,0.043736326858613866,0.1495645064443935,0.0460334603211709,0.4727193459802479,0.6957311789572242
AMDM,0.03,1.05,10,1,3847765,0.047824859619140625,0.03835040529567219,0.002897784459657301,0.049484451178374605,0.005512906692132459,0.15640246441711586,0.9903961570073554
ALS,0.03,1.05,10,2,4050825,0.043337106704711914,0.048089238711981966,0.0048825070991733045,0.059460097151146016,0.006881711501325545,0.18787775109552451,0.9838152810154247
Oracle-AMDM,0.03,1.05,10,2,4050825,0.06131577491760254,0.05536190016666146,0.005693585997749883,0.05321689244409531,0.005632357788674429,0.16815092056230074,0.987198887797916
AMDM,0.03,1.05,10,2,4050825,0.06580924987792969,0.05068213768606902,0.0049504188450146805,0.054870306061629334,0.005954542041083223,0.17337525834471926,0.9862451288020624
ALS,0.03,1.05,10,3,63209,0.046353816986083984,0.13809700529537325,0.047946948926599606,0.14266655890745739,0.04775966742896751,0.4473200063676312,0.7345897597604669
Oracle-AMDM,0.03,1.05,10,3,63209,0.06675291061401367,0.18076874528666576,0.0857105060083961,0.18503594812796081,0.08592946279172516,0.580165962708403,0.21656990928226078
AMDM,0.03,1.05,10,3,63209,0.05217599868774414,0.06731023117798478,0.00849596651885375,0.05193201747961017,0.005055597412583715,0.16282884067268882,0.9874022865744305
ALS,0.03,1.05,10,4,466269,0.04378914833068848,0.04450148117947849,0.004234017945139195,0.045404227123438785,0.00441668105461418,0.14283707310311694,0.9890433985381379
Oracle-AMDM,0.03,1.05,10,4,466269,0.05845308303833008,0.13111184379396487,0.042957212571063386,0.1309909426626864,0.04340979131656471,0.41208416128500924,0.7098191559629641
AMDM,0.03,1.05,10,4,466269,0.04873800277709961,0.04582754769159462,0.004366867228028222,0.046971147558239945,0.004698254927127444,0.14776644516541382,0.9879325350641033
ALS,0.03,1.05,20,0,469339,0.03668498992919922,0.18329812454430455,0.07817890856091163,0.1919366207163799,0.08347911606619333,0.6050714619098501,0.5022847196312769
Oracle-AMDM,0.03,1.05,20,0,469339,0.05685615539550781,0.13581493020781854,0.04452596431267438,0.1373460945063729,0.04356124077129809,0.432977312408665,0.7134498352100275
AMDM,0.03,1.05,20,0,469339,0.052123069763183594,0.032670161562269415,0.0020892980524782594,0.045200843611967335,0.004156390815835455,0.14249360242861434,0.9907611991985462
ALS,0.03,1.05,20,1,572409,0.04227709770202637,0.044456137262845495,0.003976205271552806,0.039055435404267314,0.0028864211146295434,0.1228602128647193,0.9939525968443694
Oracle-AMDM,0.03,1.05,20,1,572409,0.05825996398925781,0.06856161313834368,0.010734570193222073,0.06635817212254402,0.010520253021626123,0.2087488992991394,0.9628080438798439
AMDM,0.03,1.05,20,1,572409,0.05255293846130371,0.04567043775365354,0.003852511823086857,0.041353734214114764,0.003283913719794729,0.13009017914423326,0.9930373529287913
ALS,0.03,1.05,20,2,775479,0.044547080993652344,0.03769197973063921,0.0030082058709508,0.036699281888843714,0.002829693456559119,0.11533412444689531,0.9934638565667214
Oracle-AMDM,0.03,1.05,20,2,775479,0.07315587997436523,0.1395212140381514,0.03722794815292934,0.14671115472727334,0.04173951859619731,0.4610663126410341,0.7588309391977464
AMDM,0.03,1.05,20,2,775479,0.06766319274902344,0.038598184143725296,0.002944706537571914,0.036297065171687605,0.0028136783595412757,0.11407008573759277,0.9935681140076461
ALS,0.03,1.05,20,3,1078549,0.053269147872924805,0.04282182366179637,0.0040403510339572755,0.04668555043346187,0.004444295928140183,0.14743164168964223,0.9897771802623927
Oracle-AMDM,0.03,1.05,20,3,1078549,0.06560492515563965,0.1409074389490765,0.046719589992228874,0.1370858884193244,0.04397082251285752,0.4329133403053554,0.5608211778718509
AMDM,0.03,1.05,20,3,1078549,0.05387091636657715,0.0436442308435585,0.004019728392617775,0.04573380518206065,0.004187861738020921,0.14442605722974838,0.9902624413177736
ALS,0.03,1.05,20,4,1481619,0.043714046478271484,0.036343916241763634,0.0026307643654759046,0.03666912614606792,0.002868329265932265,0.11557759150364402,0.9935248336456567
Oracle-AMDM,0.03,1.05,20,4,1481619,0.0595698356628418,0.12286945078873072,0.03709350620501105,0.1286327081332289,0.04157560232567784,0.40543803894885055,0.6245062416450622
AMDM,0.03,1.05,20,4,1481619,0.05275392532348633,0.03700335030249352,0.002616919552746695,0.034391821751810894,0.002468278411759814,0.10839974505155135,0.994578982941103
ALS,0.03,1.05,50,0,1484719,0.04243206977844238,0.022786118304573742,0.0011185529535211282,0.025588527560365486,0.0012803118771290815,0.08102236289191297,0.9967850805282751
Oracle-AMDM,0.03,1.05,50,0,1484719,0.0531618595123291,0.1428284619244497,0.04327901419972436,0.14136913169616178,0.04094552620272003,0.44762486090612147,0.7834420004962064
AMDM,0.03,1.05,50,0,1484719,0.04673933982849121,0.023195919422407087,0.0010847444528220744,0.025204236950083565,0.001254413852643353,0.07980556238595328,0.9968864683766927
ALS,0.03,1.05,50,1,1587819,0.04233503341674805,0.022497768285045305,0.0010634470613091968,0.02240183741206744,0.0010607429417140689,0.07086251740552972,0.9974864259925249
Oracle-AMDM,0.03,1.05,50,1,1587819,0.0580441951751709,0.14495748703608297,0.043417491745215184,0.1416611088923361,0.04087112675345634,0.44810890329747155,0.5942688770332261
AMDM,0.03,1.05,50,1,1587819,0.052247047424316406,0.022860147460643368,0.0010445733404069654,0.021693380760314376,0.001006490241181324,0.06862149489954228,0.9976623026732752
ALS,0.03,1.05,50,2,1790919,0.04196810722351074,0.1277224885380812,0.04022096226820548,0.13035298009672777,0.041720325589991,0.4116074909484,0.7208651121197149
Oracle-AMDM,0.03,1.05,50,2,1790919,0.058806657791137695,0.12748448564517442,0.0400564728614858,0.1305574848090014,0.041800659499972644,0.4122532427481947,0.7207515611722032
AMDM,0.03,1.05,50,2,1790919,0.05202198028564453,0.028377882574259605,0.0014331517271186952,0.031765127596087586,0.0019788195919880048,0.10030276607239304,0.9945403624105378
ALS,0.03,1.05,50,3,2094019,0.04410409927368164,0.02148247420719278,0.0009178549382985402,0.022584088578836054,0.0010454156890927998,0.07119288663955951,0.9977921568537397
Oracle-AMDM,0.03,1.05,50,3,2094019,0.05849599838256836,0.1448053994664415,0.04115361925456609,0.14555745561788258,0.04105598709996523,0.4588476263353686,0.5760932693798776
AMDM,0.03,1.05,50,3,2094019,0.04627513885498047,0.0217583131716796,0.0008902202638363654,0.022499903178034467,0.001039092773771105,0.07092750503360931,0.997765769479531
ALS,0.03,1.05,50,4,2497119,0.03922390937805176,0.021003494195634603,0.0009117839236270264,0.023464503132393493,0.0010776885959078238,0.07321264962757183,0.9974413103164965
Oracle-AMDM,0.03,1.05,50,4,2497119,0.06400012969970703,0.12738724829966963,0.04138590209878037,0.1274445467999697,0.04104209767899064,0.39764545190516887,0.73826763568299
AMDM,0.03,1.05,50,4,2497119,0.06449484825134277,0.021148335778567336,0.0008942111892894343,0.02305742381652583,0.0010464850887490053,0.07194250317890885,0.997575274717027
ALS,0.03,1.1,5,0,2500224,0.05535292625427246,0.040370417587530676,0.008961588564574012,0.034517994680397915,0.0046800676709001865,0.14472727310412845,0.9894558530618063
Oracle-AMDM,0.03,1.1,5,0,2500224,0.07028794288635254,0.04406113840578877,0.007760393312713233,0.03916334568808304,0.006096807689476861,0.16420433109022212,0.987117309772891
AMDM,0.03,1.1,5,0,2500224,0.053801774978637695,0.04610705898852872,0.008351459117860487,0.043037853569856524,0.007116694097354556,0.18044939299319435,0.984976336931234
ALS,0.03,1.1,5,1,2603329,0.042411088943481445,0.06279790498669593,0.021552647569925035,0.05634560132973351,0.012797160117135147,0.2309450478135202,0.9630113806512153
Oracle-AMDM,0.03,1.1,5,1,2603329,0.055228233337402344,0.10712875518675517,0.050344718699662776,0.11123693097492289,0.05036861789194284,0.4559294379040805,0.6039411425586574
AMDM,0.03,1.1,5,1,2603329,0.04498600959777832,0.06928391999514057,0.022199700816458137,0.06172072155879581,0.01592892279873291,0.25297618012924095,0.952160736005878
ALS,0.03,1.1,5,2,2806434,0.0369877815246582,0.06543714982664457,0.02020463173800538,0.10090507154182955,0.039204323674878125,0.4266266005548389,0.9266058775772693
Oracle-AMDM,0.03,1.1,5,2,2806434,0.057109832763671875,0.07047247343100445,0.017613544377037448,0.08817812420830734,0.028797601068243087,0.3728170725164962,0.9481802100633973
AMDM,0.03,1.1,5,2,2806434,0.051525115966796875,0.0796216453807991,0.020063689859128816,0.06466555168783521,0.01749778902033847,0.2734059256689384,0.9699292190310036
ALS,0.03,1.1,5,3,3109539,0.037420034408569336,0.09598292782869348,0.04767711218827821,0.13010655344658537,0.0687418034007455,0.5450042941370544,0.7084202871636254
Oracle-AMDM,0.03,1.1,5,3,3109539,0.056549787521362305,0.05210482390305949,0.008679442607830613,0.0877727474718218,0.024931348552816205,0.3676719043978767,0.952991585957027
AMDM,0.03,1.1,5,3,3109539,0.04819989204406738,0.05511439067001372,0.00959973649452922,0.08288236305554907,0.023037017945101573,0.3471865373180102,0.9577967981551241
ALS,0.03,1.1,5,4,3512644,0.0366208553314209,0.041012036268938144,0.008245247351746875,0.046845002502292725,0.00798213878147433,0.19697205773626264,0.9810362329778851
Oracle-AMDM,0.03,1.1,5,4,3512644,0.05525994300842285,0.11012020741321758,0.04482217581371596,0.11460760955074294,0.048868487810535696,0.48189765139491936,0.6058795267474082
AMDM,0.03,1.1,5,4,3512644,0.049514055252075195,0.04424834506933622,0.007527379959167908,0.044957137047521065,0.007361066224986053,0.1890340339665472,0.9821603775181416
ALS,0.03,1.1,10,0,3515754,0.037714242935180664,0.024069098370044197,0.0025544397215304065,0.03693135024216695,0.004398980534415641,0.15549600823651313,0.9887299127847664
Oracle-AMDM,0.03,1.1,10,0,3515754,0.060765981674194336,0.1117786205616717,0.043171544848114946,0.1143828796018253,0.04294483217600796,0.4815984542144896,0.6172083521180689
AMDM,0.03,1.1,10,0,3515754,0.04896903038024902,0.025220921032438552,0.002367754541509844,0.03434129829400148,0.0038472164420781055,0.14459083589853844,0.9903178163745452
ALS,0.03,1.1,10,1,3618864,0.037445068359375,0.0603932515415003,0.013696009220203082,0.06594345792010882,0.014075783857167113,0.27198036001416626,0.9653111697145633
Oracle-AMDM,0.03,1.1,10,1,3618864,0.0597989559173584,0.06372259656235796,0.012088221849532897,0.07490070546050244,0.018673971169394777,0.3089240612941892,0.9556847750413053
AMDM,0.03,1.1,10,1,3618864,0.05073690414428711,0.07393668902045297,0.015595906768312934,0.08721838278136325,0.02339672347439753,0.35972768030253444,0.94208240587385
ALS,0.03,1.1,10,2,3821974,0.03757905960083008,0.03818893120128096,0.004380351694886407,0.04174162731441484,0.005658488385159309,0.17684489634276368,0.9865148249474742
Oracle-AMDM,0.03,1.1,10,2,3821974,0.06245994567871094,0.09575426388520335,0.03970797262920924,0.10548051905009881,0.044964996019027696,0.44688462471979057,0.7034737216342297
AMDM,0.03,1.1,10,2,3821974,0.05270195007324219,0.03953793722261539,0.0038304741414322756,0.03944820121008252,0.004853982285140036,0.1671284399469591,0.9888473350168475
ALS,0.03,1.1,10,3,4125084,0.04357504844665527,0.027673654275236728,0.003256537315369625,0.028780184199586653,0.0026544195104180345,0.12373285889725263,0.9929034745780662
Oracle-AMDM,0.03,1.1,10,3,4125084,0.057991981506347656,0.10466397921382944,0.043260668957202195,0.10333408574927744,0.042186391544548285,0.44425781859574,0.6090661202357787
AMDM,0.03,1.1,10,3,4125084,0.05424809455871582,0.029035469435463607,0.0029878277062343446,0.02472880239685371,0.001989961479188405,0.10631500467296828,0.9947921814870794
ALS,0.03,1.1,10,4,237518,0.04427695274353027,0.03885963343447151,0.006067087627701752,0.05491977400132721,0.010123149347478317,0.23278432856101972,0.9751818854862802
Oracle-AMDM,0.03,1.1,10,4,237518,0.05812692642211914,0.04144599094952782,0.0052577234832544605,0.04801917375613868,0.00754704323446152,0.20353527166021382,0.9818805236103019
AMDM,0.03,1.1,10,4,237518,0.05214691162109375,0.04413814609407098,0.005791846846052177,0.042589995522686774,0.00617981388914325,0.18052302092368197,0.9846618809152679
ALS,0.03,1.1,20,0,240638,0.0427699089050293,0.02138503450491997,0.0022208232743383405,0.02345805628442544,0.0021361121819668334,0.09936404572418289,0.9952014806767224
Oracle-AMDM,0.03,1.1,20,0,240638,0.06031298637390137,0.1074291197130918,0.03786338221264231,0.11012192463090127,0.04183355077231566,0.4664563773565822,0.7289585809249713
AMDM,0.03,1.1,20,0,240638,0.04577207565307617,0.023373899511218398,0.0019535477837134127,0.022168402617773864,0.0019220623771479654,0.09390130813212558,0.9953703501399211
ALS,0.03,1.1,20,1,343758,0.03703022003173828,0.029948365730764336,0.003922965077062581,0.03253262884944588,0.00412224727741078,0.13492901481017427,0.9904779955263173
Oracle-AMDM,0.03,1.1,20,1,343758,0.05041837692260742,0.08441847618276832,0.024533864672137407,0.08474326243346501,0.024951555219208367,0.3514725159427822,0.7855544485462513
AMDM,0.03,1.1,20,1,343758,0.04796314239501953,0.0317596970053866,0.003689924255340712,0.031527254600407416,0.0035982356898861616,0.1307592270698088,0.9917152765822042
ALS,0.03,1.1,20,2,546878,0.0372929573059082,0.02205442133109991,0.002252633685191364,0.024991801493250688,0.0023126194242167747,0.10499129644816887,0.9939543159920279
Oracle-AMDM,0.03,1.1,20,2,546878,0.05876302719116211,0.1243891385652573,0.04232519682673463,0.1232257884346245,0.04195867431064096,0.5176751778815526,0.7278085596618307
AMDM,0.03,1.1,20,2,546878,0.05348086357116699,0.023626740364704857,0.0020048524227271034,0.02221391789044871,0.0017309754242418021,0.09332132536108842,0.9956841600831409
ALS,0.03,1.1,20,3,849998,0.03980088233947754,0.07924069446286051,0.04600536559009668,0.07812353997988496,0.04220103656010329,0.32315736259695504,0.7430263993538071
Oracle-AMDM,0.03,1.1,20,3,849998,0.05812501907348633,0.11619544139389792,0.03715130278554182,0.12280174544866723,0.04156560205625261,0.5079683817670287,0.7514712108312286
AMDM,0.03,1.1,20,3,849998,0.050882816314697266,0.02450056452746638,0.0017841291222488688,0.02388711031075268,0.0020284497460222374,0.09880882983634524,0.995858486224418
ALS,0.03,1.1,20,4,1253118,0.03654193878173828,0.022884586634380238,0.0021007093313179046,0.02717320138895053,0.002454839069563375,0.11485002661715021,0.9941549532956021
Oracle-AMDM,0.03,1.1,20,4,1253118,0.06050992012023926,0.023947427686255955,0.0019091599765978557,0.025432119219954474,0.002118647268068855,0.10749118322620718,0.9950430161929755
AMDM,0.03,1.1,20,4,1253118,0.053323984146118164,0.023844790800039543,0.0019214389186478112,0.0249607652072631,0.0020565093618886213,0.10549896228290243,0.995245658326227
ALS,0.03,1.1,50,0,1256268,0.037326812744140625,0.018105636475829842,0.0015493872150283837,0.02011050368421563,0.001498002305704258,0.08392354496715794,0.9968833042161902
Oracle-AMDM,0.03,1.1,50,0,1256268,0.0577397346496582,0.09623965840544274,0.04035252221985122,0.09599974523839436,0.0412098554852536,0.4006184560495919,0.759407403485327
AMDM,0.03,1.1,50,0,1256268,0.05120682716369629,0.01997452577224972,0.0012979974549357464,0.019157714994954472,0.001245215064974394,0.07994744344016494,0.9972358015261262
ALS,0.03,1.1,50,1,1359418,0.03717303276062012,0.022295038622057235,0.0019201132812259963,0.020445701634101806,0.001609550877093222,0.08645172803638633,0.9961407965294997
Oracle-AMDM,0.03,1.1,50,1,1359418,0.057533979415893555,0.020830305467525834,0.0012364570517902445,0.015595879167782767,0.0008542835299899973,0.06594494669004937,0.9982487690466204
AMDM,0.03,1.1,50,1,1359418,0.048918962478637695,0.020832952042465974,0.0012414657368739587,0.015624329068353851,0.0008488946446764068,0.06606524302963458,0.9982415129868099
ALS,0.03,1.1,50,2,1562568,0.03755998611450195,0.015412074825174597,0.0010291646752816708,0.01999203148941342,0.001349435300271313,0.08423923620763105,0.9967207954874233
Oracle-AMDM,0.03,1.1,50,2,1562568,0.05868411064147949,0.09984393223901454,0.04051609422019862,0.10190200756584031,0.04104555335415059,0.4293784396006117,0.7074366745900044
AMDM,0.03,1.1,50,2,1562568,0.04747319221496582,0.016667263233713512,0.0008788810417347144,0.01797446406115493,0.0010353000824243946,0.07573793211335282,0.9974686332372448
ALS,0.03,1.1,50,3,1865718,0.03881382942199707,0.013731155315777373,0.000948470013693233,0.01587039719683175,0.0009905034560162079,0.0654251103482341,0.9977495082010887
Oracle-AMDM,0.03,1.1,50,3,1865718,0.05903887748718262,0.1301149099794224,0.08209595749963745,0.12909977529910324,0.0810263342654685,0.5322089258460543,0.4029368716288696
AMDM,0.03,1.1,50,3,1865718,0.04909634590148926,0.014477426291505316,0.0008426666156206092,0.015557333107215254,0.0009410122941812022,0.0641345155159058,0.9979758918124201
ALS,0.03,1.1,50,4,2268868,0.036527156829833984,0.018921877489690344,0.0017385300429629512,0.020021423596257346,0.0014140609701176672,0.0836626937334847,0.9968264735259076
Oracle-AMDM,0.03,1.1,50,4,2268868,0.057572126388549805,0.020528665191619604,0.0015226677129359751,0.018913928708540636,0.0012820389776279648,0.07903485070539136,0.9971206647662203
AMDM,0.03,1.1,50,4,2268868,0.049204111099243164,0.020480079761265698,0.0015379166101476742,0.01937289094317786,0.0013180979865937534,0.08095269719053677,0.9970242884423435
ALS,0.03,1.2,5,0,2272063,0.03650498390197754,0.0380636791481264,0.03247763100991093,0.058771806979482304,0.03256897597198873,0.3910407914275473,0.9335635802886866
Oracle-AMDM,0.03,1.2,5,0,2272063,0.05736494064331055,0.05183254438923647,0.01213014515881919,0.03756857170686645,0.01255990938421344,0.2499641370255011,0.974075822607443
AMDM,0.03,1.2,5,0,2272063,0.049301862716674805,0.049448159506199976,0.01309897950862173,0.03927114993408675,0.01198856885363319,0.26129231581830165,0.9730926119102896
ALS,0.03,1.2,5,1,2375258,0.0367281436920166,0.027433505985388653,0.012683347718792141,0.04519841895547153,0.01389281762449636,0.2737493134900001,0.9746534361325743
Oracle-AMDM,0.03,1.2,5,1,2375258,0.056044816970825195,0.04736049602011953,0.04506151448919913,0.05744585665242157,0.049681605374855595,0.3479272988937518,0.6342287666836096
AMDM,0.03,1.2,5,1,2375258,0.04995918273925781,0.041311292531417576,0.008191796981540794,0.030225011492618505,0.007313288565864266,0.18306118527028817,0.9855153990363998
ALS,0.03,1.2,5,2,2578453,0.03688502311706543,0.02960033927034845,0.03564330982386381,0.04526869279614272,0.025993571131264694,0.30304265323964724,0.9449306881403186
Oracle-AMDM,0.03,1.2,5,2,2578453,0.0587160587310791,0.044014569736898934,0.020334749027721543,0.0565188513998411,0.03263175117139555,0.3783547000881063,0.9133577332791984
AMDM,0.03,1.2,5,2,2578453,0.04929471015930176,0.04314440462720529,0.02652218552318214,0.05325844559039802,0.03332416845841748,0.3565285335676588,0.9282442368642408
ALS,0.03,1.2,5,3,2881648,0.03720688819885254,0.019953827301135485,0.007592894185829312,0.023640174059049137,0.0067126580731879226,0.1628949939839849,0.9833968929889088
Oracle-AMDM,0.03,1.2,5,3,2881648,0.05666399002075195,0.08354675060995732,0.04214215876188003,0.08412306923935303,0.04706264529475627,0.5796584586657623,0.6959835455223724
AMDM,0.03,1.2,5,3,2881648,0.047756195068359375,0.023673749449062028,0.005370686066454322,0.017513881021363524,0.004109944203326242,0.12068115642825306,0.9903246756380095
ALS,0.03,1.2,5,4,3284843,0.036828041076660156,0.021738949003357325,0.012947032413683033,0.039534482226783164,0.013382722373944347,0.25243150577573426,0.9710802981479336
Oracle-AMDM,0.03,1.2,5,4,3284843,0.05799293518066406,0.028949641858626207,0.009183397328279991,0.03083723302116889,0.009795306981870642,0.196898725543882,0.9829037173488796
AMDM,0.03,1.2,5,4,3284843,0.04896211624145508,0.03199053677672989,0.00991304424987563,0.022840975044908434,0.006315482832356614,0.14584184234152178,0.9896732815726944
ALS,0.03,1.2,10,0,3288043,0.03641104698181152,0.023932002832851705,0.008667649890146198,0.05192829000914246,0.025293721582410066,0.33193729675249595,0.9418622704638626
Oracle-AMDM,0.03,1.2,10,0,3288043,0.05620622634887695,0.10419793693416192,0.0799224761872832,0.11711863352168295,0.09951797854144236,0.7486486191570954,0.2892040379153561
AMDM,0.03,1.2,10,0,3288043,0.04763388633728027,0.03163732741153221,0.006724929282140044,0.04013778173631799,0.01631612320027052,0.25656971883436597,0.966466127002478
ALS,0.03,1.2,10,1,3391243,0.03711390495300293,0.015522992593061183,0.005883198336028488,0.02189750729526157,0.0050881704464993075,0.14562012582212866,0.9870385283341598
Oracle-AMDM,0.03,1.2,10,1,3391243,0.05857586860656738,0.020082246225511143,0.003827832826421199,0.02096309806527951,0.003803300727619781,0.13940623180192713,0.9896267684726776
AMDM,0.03,1.2,10,1,3391243,0.04693198204040527,0.01981834137726575,0.003909544355832473,0.021058404743720827,0.0038368583710888466,0.1400400286226875,0.9896040594312258
ALS,0.03,1.2,10,2,3594443,0.03729414939880371,0.0158402716839486,0.0049901042867341655,0.020125701296476426,0.003462805569087325,0.12381528858716055,0.9935835500758585
Oracle-AMDM,0.03,1.2,10,2,3594443,0.057192325592041016,0.018368114307947502,0.003909673366567116,0.019393079059778006,0.0032178073244083175,0.1193081247211209,0.9938046402585747
AMDM,0.03,1.2,10,2,3594443,0.047186851501464844,0.0199950459147301,0.004089788988023071,0.02027446559781315,0.0038057768399697577,0.12473050116187459,0.9926315728278453
ALS,0.03,1.2,10,3,3897643,0.036984920501708984,0.025376133021628243,0.00820377290977368,0.03205396620403529,0.010265187030405444,0.21985864744465153,0.9709077706522475
Oracle-AMDM,0.03,1.2,10,3,3897643,0.05934596061706543,0.08981840388696685,0.04706029731135878,0.0868929437989234,0.04483802759397348,0.5960000386382882,0.7087376536364235
AMDM,0.03,1.2,10,3,3897643,0.0475461483001709,0.029119311113621496,0.005494935375766697,0.02531735934563168,0.005171694934778467,0.17365215733895834,0.9842661962140618
ALS,0.03,1.2,10,4,10167,0.037912845611572266,0.017739251320050203,0.00618843348644432,0.025741444927371786,0.006129574948199061,0.15990159408434812,0.9882733882926272
Oracle-AMDM,0.03,1.2,10,4,10167,0.057312965393066406,0.09576493067664932,0.0480435309433697,0.09222414182665496,0.04626367504395074,0.5728811002160316,0.6581665120069667
AMDM,0.03,1.2,10,4,10167,0.05133199691772461,0.02163681129255935,0.00462397784830864,0.025117656136047644,0.006015902280397934,0.1560267213883474,0.9870738653305391
ALS,0.03,1.2,20,0,13377,0.03604888916015625,0.013441321438894415,0.0039219700610956055,0.023780732940314832,0.004004847788910381,0.15803358649694182,0.9889522365820366
Oracle-AMDM,0.03,1.2,20,0,13377,0.05475497245788574,0.019404050222884675,0.0023847221726113646,0.015020316325600601,0.0021095464623736055,0.09981670729875344,0.993847867264223
AMDM,0.03,1.2,20,0,13377,0.053043365478515625,0.019469986094979623,0.0024186886924465545,0.014578029263742968,0.00208020644398609,0.09687751232852343,0.9942458896311661
ALS,0.03,1.2,20,1,116587,0.04329705238342285,0.014161555287624618,0.004110268403799619,0.018729849761613414,0.0036818583040033547,0.1272408930867257,0.9905833641610677
Oracle-AMDM,0.03,1.2,20,1,116587,0.054978132247924805,0.08139450861932808,0.047516725751931645,0.0762838870680433,0.0416156823311874,0.518233196859804,0.6537613691293335
AMDM,0.03,1.2,20,1,116587,0.04449200630187988,0.017341883528120137,0.002699657529023246,0.014494082669841661,0.001969255477532471,0.09846528652692307,0.9951675385803403
ALS,0.03,1.2,20,2,319797,0.03683209419250488,0.016911331949278685,0.0068404189985815335,0.029182737892958367,0.00613435800049257,0.1976829762858578,0.9843606248641115
Oracle-AMDM,0.03,1.2,20,2,319797,0.05794811248779297,0.09558321847233359,0.08596020019165727,0.09070046616365036,0.08485850234470128,0.614402191031964,0.4309585457545803
AMDM,0.03,1.2,20,2,319797,0.04920029640197754,0.023359968851342772,0.004865292085094283,0.019589939322927696,0.002772570389812064,0.13270165139474954,0.9927300361842976
ALS,0.03,1.2,20,3,623007,0.03592109680175781,0.010898361813334954,0.0031035299074584073,0.024826440793501506,0.00586888935544277,0.16681921974894487,0.9916291497266059
Oracle-AMDM,0.03,1.2,20,3,623007,0.05477714538574219,0.014452286929490044,0.0023464718532111143,0.022047166714459433,0.004818369289345041,0.14814411697482405,0.9940561327095085
AMDM,0.03,1.2,20,3,623007,0.04964399337768555,0.014520998495661123,0.0023748424973167974,0.02162799792698591,0.004571869913883175,0.14532754690539437,0.9944125566720468
ALS,0.03,1.2,20,4,1026217,0.03702807426452637,0.01704959217730769,0.006077112599153173,0.020276846624603714,0.003946871311802359,0.1391786184938181,0.9930369051836537
Oracle-AMDM,0.03,1.2,20,4,1026217,0.05621933937072754,0.07157434340902767,0.04115837304242291,0.06956715171218211,0.04208587536647798,0.4775032453075325,0.6834118360056128
AMDM,0.03,1.2,20,4,1026217,0.05399298667907715,0.022601830053199923,0.0038506000788803675,0.017844292778728926,0.002606704296588949,0.12248176764966996,0.9951121953064357
ALS,0.03,1.2,50,0,1029457,0.04367685317993164,0.0109434118172024,0.0021240178617962526,0.01681659726979977,0.0019072398359283298,0.11780399524635385,0.9934365959156294
Oracle-AMDM,0.03,1.2,50,0,1029457,0.05791115760803223,0.05332195665040139,0.04072780220816673,0.056685954700294305,0.04104376438963044,0.3970976905084682,0.6124614889737791
AMDM,0.03,1.2,50,0,1029457,0.048110008239746094,0.013061996051898278,0.0014118445156362834,0.013222187019294058,0.001049657749183497,0.09262435389141391,0.9961878478257503
ALS,0.03,1.2,50,1,1132697,0.03827404975891113,0.040812615273564355,0.043186619620076916,0.0405686261017873,0.042209491046547226,0.24679006953307644,0.7757103853109134
Oracle-AMDM,0.03,1.2,50,1,1132697,0.05720090866088867,0.05945832685402308,0.04371186101512164,0.05699771023373423,0.041274087763548455,0.3467326903434302,0.6195258258257708
AMDM,0.03,1.2,50,1,1132697,0.04928469657897949,0.010283151942878578,0.0010904721199154093,0.013696909094897843,0.0015722955411171143,0.08332205136641649,0.9956099522920333
ALS,0.03,1.2,50,2,1335937,0.036209821701049805,0.009897469724629845,0.001473420932050303,0.013100005151180162,0.0010873451910833375,0.08569311534257208,0.9968454107031703
Oracle-AMDM,0.03,1.2,50,2,1335937,0.05818319320678711,0.07820409190588297,0.04053823212409979,0.08012573361568803,0.04074934305053263,0.5241390101299915,0.5660065265527375
AMDM,0.03,1.2,50,2,1335937,0.05335116386413574,0.01177190110395535,0.0010382159693791899,0.01102302821396983,0.000883772727623645,0.0721066608190643,0.9977427779710617
ALS,0.03,1.2,50,3,1639177,0.04105687141418457,0.008324217265919294,0.0015031028105754198,0.009247406097828564,0.0010488827115492884,0.05811688613688302,0.9976254774384898
Oracle-AMDM,0.03,1.2,50,3,1639177,0.05484890937805176,0.010233577989271759,0.0010825025457596037,0.009406269149895015,0.0008678409458411673,0.05911528783035592,0.9979475908182088
AMDM,0.03,1.2,50,3,1639177,0.044818878173828125,0.010188552995237115,0.0010875870138691705,0.009189316034137706,0.0008410263179480116,0.05775180931625992,0.9980060212869016
ALS,0.03,1.2,50,4,2042417,0.0408780574798584,0.007163643963547549,0.0011520791025024474,0.011102264120523894,0.0016006314955117234,0.07442113866052619,0.9967806237869865
Oracle-AMDM,0.03,1.2,50,4,2042417,0.057554006576538086,0.08622447758175636,0.04130514458446748,0.08561082554664194,0.04112270607152962,0.5738698926348468,0.7726174104364798
AMDM,0.03,1.2,50,4,2042417,0.0520172119140625,0.008731954227383066,0.0007775272663087833,0.010565199018839061,0.0011284045790129883,0.07082106249873421,0.9971600912681812
ALS,0.03,1.5,5,0,2045922,0.038555145263671875,0.0043030143066936834,0.028941213207625036,0.02449100724633397,0.02923330950979577,0.29230216630175837,0.9387055833441973
Oracle-AMDM,0.03,1.5,5,0,2045922,0.05930304527282715,0.015265364696223938,0.007825738476649741,0.016984949579429868,0.009257205676227485,0.20271675667143726,0.9782951842394911
AMDM,0.03,1.5,5,0,2045922,0.045143842697143555,0.0168909004054296,0.008412710500227146,0.014976612629874774,0.008875381200166736,0.17874709159746638,0.9813878510818409
ALS,0.03,1.5,5,1,2149427,0.03689289093017578,0.00400391357753373,0.0391321978967362,0.020783057017532105,0.04478398261673025,0.291454055802316,0.9170802300668086
Oracle-AMDM,0.03,1.5,5,1,2149427,0.05669522285461426,0.013573088601599956,0.012395224341939164,0.015148563474383713,0.014320641674460982,0.21243796138669452,0.9643767834608878
AMDM,0.03,1.5,5,1,2149427,0.05145096778869629,0.013354489719169868,0.01468286762216701,0.01416901898304393,0.016198855096908618,0.19870118461709024,0.9688704589699799
ALS,0.03,1.5,5,2,2352932,0.040170907974243164,0.007310327025507208,0.06757719443232839,0.021864326883050903,0.07822202683620699,0.2903681947874252,0.7266134718255544
Oracle-AMDM,0.03,1.5,5,2,2352932,0.06392979621887207,0.022125533979624547,0.04189680501424053,0.02070417895062446,0.04580656876294818,0.2749609031462556,0.6286172606133141
AMDM,0.03,1.5,5,2,2352932,0.059737205505371094,0.01648373262474889,0.010621311622188049,0.014109652080809883,0.00878769973585067,0.18738259017520312,0.9618969523629877
ALS,0.03,1.5,5,3,2656437,0.04334592819213867,0.007039528105967641,0.09767903876317682,0.013317150146931328,0.10034779629014132,0.1426851153374007,0.8104105921565123
Oracle-AMDM,0.03,1.5,5,3,2656437,0.05804085731506348,0.026365759949610504,0.04464344920519517,0.02742737476340377,0.056138741239064906,0.293867538350175,0.6808810124601402
AMDM,0.03,1.5,5,3,2656437,0.04743313789367676,0.01168394954068035,0.009680325024290509,0.008636254904394507,0.010343321699978342,0.09253218695598124,0.9832909878853728
ALS,0.03,1.5,5,4,3059942,0.03603100776672363,0.0029458806433797394,0.010383207854179214,0.007791785496615252,0.005910352534674987,0.10611290937737053,0.9940513535915443
Oracle-AMDM,0.03,1.5,5,4,3059942,0.05688786506652832,0.006049867815758994,0.004588008061889635,0.00701085257558915,0.0033261708652373174,0.09547772642544694,0.9963290162283556
AMDM,0.03,1.5,5,4,3059942,0.052221059799194336,0.006025973226248778,0.004714514779051387,0.00746581731372229,0.0034638753701419995,0.10167369165682975,0.9960531331614396
ALS,0.03,1.5,10,0,3063452,0.04336118698120117,0.007378909501332701,0.09890458070798516,0.022290669881776703,0.11403766536558045,0.3361415571813314,0.7213310349363796
Oracle-AMDM,0.03,1.5,10,0,3063452,0.05450081825256348,0.026044913253095246,0.04258812211799412,0.02555078137827732,0.048427863896683784,0.38530378338765886,0.6080874862699709
AMDM,0.03,1.5,10,0,3063452,0.04475903511047363,0.014124063294750864,0.008175515623518469,0.014680130709290423,0.0076556385294604306,0.22137522211840532,0.9832176591731345
ALS,0.03,1.5,10,1,3166962,0.03982210159301758,0.008696962316777645,0.08427522860852216,0.02096289901914855,0.08873908085062465,0.24529382215237522,0.6833208002704636
Oracle-AMDM,0.03,1.5,10,1,3166962,0.05781412124633789,0.021495157973655206,0.04530405774680957,0.022291530335329247,0.044350442569951985,0.2608405770873489,0.7351756122674026
AMDM,0.03,1.5,10,1,3166962,0.05164194107055664,0.015899041852243258,0.007572458097407671,0.011146475652756822,0.004795862947726372,0.13042860216497698,0.9891163677217897
ALS,0.03,1.5,10,2,3370472,0.04231977462768555,0.004210343494176456,0.026289497337945816,0.047984449814160786,0.04242305317760051,0.6997390856673635,0.941637416620377
Oracle-AMDM,0.03,1.5,10,2,3370472,0.05937600135803223,0.017240913823653642,0.008958175220913954,0.03382039290056961,0.015166346917665042,0.49319000002729246,0.9732059621576667
AMDM,0.03,1.5,10,2,3370472,0.04963183403015137,0.018822616544534855,0.009866837262743799,0.031718649611802416,0.014129163310480055,0.46254107245002013,0.9740298947363005
ALS,0.03,1.5,10,3,3673982,0.03729701042175293,0.0043212131343003,0.02121962017886953,0.029153228132706377,0.026511253859295304,0.3667803765094621,0.9521534209606184
Oracle-AMDM,0.03,1.5,10,3,3673982,0.05728602409362793,0.013714823197181397,0.007835312198261685,0.02308775045742349,0.009465489502978621,0.2904698500962944,0.9801580297626167
AMDM,0.03,1.5,10,3,3673982,0.052236080169677734,0.016746596832425187,0.008444965526357642,0.02275197442489771,0.009998136565514978,0.2862454102136149,0.9772259136313446
ALS,0.03,1.5,10,4,4077492,0.04055595397949219,0.007135928985678748,0.035761073146601194,0.016048668782287435,0.036281051769963775,0.2192085366535847,0.9430805899686279
Oracle-AMDM,0.03,1.5,10,4,4077492,0.05525374412536621,0.05342170177277874,0.04264434669835127,0.05814890520866612,0.04510622489060639,0.7942550620066384,0.5239206291154211
AMDM,0.03,1.5,10,4,4077492,0.04569602012634277,0.016098976780518744,0.0051409458311695395,0.01375636842335453,0.00521037376331111,0.18789803893761473,0.9845552362565243
ALS,0.03,1.5,20,0,4081012,0.0382227897644043,0.007834742350322653,0.08942009843985733,0.013339061175130243,0.08858422743181525,0.14248376429299273,0.5465910390784705
Oracle-AMDM,0.03,1.5,20,0,4081012,0.05781912803649902,0.06731958163463143,0.0888789203340546,0.06131946791586568,0.0823262252146886,0.6549957675721227,0.4181068861608269
AMDM,0.03,1.5,20,0,4081012,0.052667856216430664,0.005039066731776211,0.0027713760819184315,0.010867814804025702,0.00223810666852863,0.11608666776367607,0.9899199369467396
ALS,0.03,1.5,20,1,4184532,0.042368173599243164,0.003125868856674951,0.00978587246944847,0.010660956890252203,0.010198704535778232,0.15144228906874085,0.9787640319422672
Oracle-AMDM,0.03,1.5,20,1,4184532,0.05657696723937988,0.00785028356169931,0.002461925473789726,0.007008778253393473,0.0028161540456794285,0.09956192799537801,0.9863180311760769
AMDM,0.03,1.5,20,1,4184532,0.046269893646240234,0.007762617755995817,0.0024901287506848076,0.007028111554582804,0.0027604447259053076,0.09983656369811168,0.9868741627469528
ALS,0.03,1.5,20,2,97376,0.038025856018066406,0.011307614680482457,0.1550967659321678,0.018733931918719,0.1561732782537576,0.2574843871302679,0.501264467964734
Oracle-AMDM,0.03,1.5,20,2,97376,0.05961179733276367,0.0065241498922709255,0.002233192104842214,0.01233756428363938,0.003798932641588779,0.1695709257424476,0.9948635302821819
AMDM,0.03,1.5,20,2,97376,0.05087995529174805,0.0063164869564668975,0.0022664340376965368,0.012454284092467299,0.0036903122221389173,0.17117515536025618,0.99495226398131
ALS,0.03,1.5,20,3,400896,0.03776383399963379,0.0044085694430784075,0.03511258472609655,0.013781893644472097,0.03827107649092298,0.1594613546757052,0.9431189268048537
Oracle-AMDM,0.03,1.5,20,3,400896,0.055776119232177734,0.010063710725848886,0.00300790273581066,0.0075232431479826615,0.00321654109605278,0.08704656811897668,0.9956404622520532
AMDM,0.03,1.5,20,3,400896,0.04950404167175293,0.009603287955167536,0.0030625794877700125,0.007422461537959704,0.003067599918551965,0.08588048945988723,0.9956349972175025
ALS,0.03,1.5,20,4,804416,0.03715705871582031,0.00359872390530132,0.018503130243108373,0.022075650177067883,0.0190189741689086,0.27171440188537516,0.9784840352206501
Oracle-AMDM,0.03,1.5,20,4,804416,0.05592799186706543,0.010676549127227925,0.0036496361222342765,0.01703533371921625,0.00278901041143023,0.20967652029759618,0.9949989334441677
AMDM,0.03,1.5,20,4,804416,0.048692941665649414,0.010769069639072502,0.003694291131983366,0.016636785078977864,0.002737098250681368,0.20477105184996264,0.9955037288192555
ALS,0.03,1.5,50,0,807966,0.03673911094665527,0.006298183881021862,0.05860054377091537,0.011669174770117514,0.05438762018195678,0.12477960284616696,0.8248270899591057
Oracle-AMDM,0.03,1.5,50,0,807966,0.05672287940979004,0.01129484881738216,0.042970410885828474,0.01175105172922079,0.04167435355604672,0.12565512100751297,0.7520013452474144
AMDM,0.03,1.5,50,0,807966,0.052591800689697266,0.0054436607380466675,0.002016455180473377,0.007361104482032466,0.0014111059932735502,0.07871299486655138,0.9928723864171098
ALS,0.03,1.5,50,1,911516,0.040151119232177734,0.00525415546800442,0.08214829871548614,0.012325202439092861,0.08464386583782697,0.12086349171261507,0.7125474297315398
Oracle-AMDM,0.03,1.5,50,1,911516,0.05653572082519531,0.060981148518381836,0.040221010395363126,0.06502770771817928,0.04179291158625357,0.6376751904664842,0.7490741388150517
AMDM,0.03,1.5,50,1,911516,0.051934003829956055,0.007399659769732276,0.0014326149526454944,0.0066686460838252005,0.0017313884160463995,0.06539412676341336,0.9957834155691515
ALS,0.03,1.5,50,2,1115066,0.040348052978515625,0.008302813562306006,0.10786354638299651,0.009737923703422984,0.10908716896365883,0.1269676084400862,0.6756730655955867
Oracle-AMDM,0.03,1.5,50,2,1115066,0.05607795715332031,0.02507027603002624,0.039617096454904605,0.025375635675510735,0.04103024297205205,0.33085941854668705,0.7551606162323207
AMDM,0.03,1.5,50,2,1115066,0.06145787239074707,0.0028332863121006595,0.000940872264264858,0.0050731036231371,0.0009087342198271771,0.0661455002129498,0.9977662974073246
ALS,0.03,1.5,50,3,1418616,0.04256415367126465,0.0031774696001833575,0.008805356205817889,0.010494410905585172,0.009828412500238156,0.14712546913781915,0.982494916391641
Oracle-AMDM,0.03,1.5,50,3,1418616,0.05919599533081055,0.035986241732804854,0.03943861848797511,0.035468935151105684,0.04088329414866565,0.49725361155318026,0.714382664310607
AMDM,0.03,1.5,50,3,1418616,0.05043506622314453,0.0066000490211735995,0.001001148305127601,0.008051853384147054,0.000814610557184732,0.11288224915427175,0.9963944335486137
ALS,0.03,1.5,50,4,1822166,0.036949872970581055,0.008468216542117973,0.05987851343222022,0.0118164025510948,0.06083826308671725,0.10868394344776573,0.6544895097608079
Oracle-AMDM,0.03,1.5,50,4,1822166,0.057298898696899414,0.004097385421846747,0.00133988318748615,0.008268827677162848,0.0014365483602062086,0.0760543486698346,0.9965264812295551
AMDM,0.03,1.5,50,4,1822166,0.049530982971191406,0.004044338558159293,0.0013499315878051537,0.007740207218987803,0.0013961477029135801,0.07119224654245697,0.9969066397049794
ALS,0.1,1.01,5,0,1832181,0.03668999671936035,0.22149114414321508,0.05602735627451105,0.5488220574496795,0.3514734958018738,1.321221751195971,0.534064105524491
Oracle-AMDM,0.1,1.01,5,0,1832181,0.0573430061340332,0.2521826085351166,0.07244346065246907,0.5665468068597003,0.37415949123405684,1.36389191019767,0.4330248887742183
AMDM,0.1,1.01,5,0,1832181,0.051628828048706055,0.40736575163726096,0.1957455465269587,0.41031981930541866,0.1970810541494106,0.9877946100277246,0.7445621720250735
ALS,0.1,1.01,5,1,1942196,0.03684878349304199,0.1541043603849424,0.027160790221767307,0.18800085649527168,0.04121424930975509,0.4525513487926521,0.861979104328342
Oracle-AMDM,0.1,1.01,5,1,1942196,0.05722522735595703,0.1976906662638821,0.044635051614929803,0.2843807835608078,0.09360653730718904,0.6845548981549009,0.7152105483130549
AMDM,0.1,1.01,5,1,1942196,0.04873299598693848,0.4161119290603954,0.19151296061065898,0.39825959184480153,0.1783508400426132,0.958681352941118,0.7581576160678133
ALS,0.1,1.01,5,2,2152211,0.036737918853759766,0.20050269109295893,0.04768045622855933,0.4629727200694339,0.24103497085323694,1.1145194450180913,0.6162619031525567
Oracle-AMDM,0.1,1.01,5,2,2152211,0.05508899688720703,0.2056260897727543,0.04989832370680392,0.47123310231505994,0.25019335991822156,1.1344047562620274,0.5483635431282444
AMDM,0.1,1.01,5,2,2152211,0.05157899856567383,0.29338391092963695,0.09953630575990932,0.4222324465059466,0.1996656901780046,1.01644492547609,0.7070183381299948
ALS,0.1,1.01,5,3,2462226,0.036767005920410156,0.18532053328188372,0.04127671848561456,0.321398518827602,0.12174556657995608,0.7735208298362265,0.8491610165772979
Oracle-AMDM,0.1,1.01,5,3,2462226,0.056513071060180664,0.23971068969756232,0.06695774004429558,0.385475061231357,0.1727531113576481,0.9277360403916153,0.42186426747124217
AMDM,0.1,1.01,5,3,2462226,0.04833793640136719,0.24008401895280224,0.06677789378411832,0.2439530028569199,0.06972777268959898,0.5871300524323326,0.8826421524724635
ALS,0.1,1.01,5,4,2872241,0.03650403022766113,0.20398398492285377,0.04720198289502394,0.45404783497938783,0.24537036767435802,1.0928536326164395,0.7223551298293506
Oracle-AMDM,0.1,1.01,5,4,2872241,0.05831408500671387,0.29347898175861264,0.09818349754748307,0.539538109065375,0.3435725307402008,1.2986212839311684,0.15379490079323388
AMDM,0.1,1.01,5,4,2872241,0.050089120864868164,0.2850022044424968,0.09558170169523361,0.3510075083234454,0.14633757613325518,0.8448445317756808,0.8564682787466744
ALS,0.1,1.01,10,0,2882261,0.041841983795166016,0.23407693268275256,0.06623430451826531,0.4860545767673882,0.27379928774742995,1.1698272347676328,0.6228810685280363
Oracle-AMDM,0.1,1.01,10,0,2882261,0.05800485610961914,0.23326128958557255,0.06566191127373848,0.4849670158652722,0.27261175592070797,1.1672097131485069,0.6366349015583936
AMDM,0.1,1.01,10,0,2882261,0.0534670352935791,0.359138274224311,0.14670334526924378,0.43482017026563247,0.2167015915867094,1.0465172055081138,0.7751373612611674
ALS,0.1,1.01,10,1,2992281,0.043013811111450195,0.14030968991742732,0.022977002965322426,0.20558589716326206,0.04833689647926323,0.4947728759816245,0.9095093249857124
Oracle-AMDM,0.1,1.01,10,1,2992281,0.05438995361328125,0.1403845176377938,0.022952022864528437,0.20470311909718272,0.04792994826334088,0.49264833996707136,0.9106014887292216
AMDM,0.1,1.01,10,1,2992281,0.04579424858093262,0.16583830537791613,0.032168741531102135,0.19919933578534738,0.04541805462902277,0.47940267119527846,0.9166281666710081
ALS,0.1,1.01,10,2,3202301,0.04041123390197754,0.18527255579835591,0.04054886860106056,0.21854792379251223,0.055316740139015996,0.5260232745386739,0.8753054266307801
Oracle-AMDM,0.1,1.01,10,2,3202301,0.06900906562805176,0.1925978996775329,0.04302642531382239,0.26436362424825627,0.08059873730559852,0.6362971419852207,0.7904145083429819
AMDM,0.1,1.01,10,2,3202301,0.06499934196472168,0.21782001940072498,0.05471062901121455,0.18372659419844214,0.03873163834054614,0.4422117722420288,0.9140535852398386
ALS,0.1,1.01,10,3,3512321,0.0553281307220459,0.21319822510578573,0.054395609436135015,0.31574236464256933,0.11894138592080906,0.7598624083653863,0.7559806421491594
Oracle-AMDM,0.1,1.01,10,3,3512321,0.08060503005981445,0.21529964120002684,0.055429882808913825,0.31769905703822826,0.12024505235724331,0.7645713646623303,0.7228463559372729
AMDM,0.1,1.01,10,3,3512321,0.07246708869934082,0.23798869623944624,0.06697569624418376,0.16052001487849352,0.030394038188708568,0.3863058580513809,0.9386433325744262
ALS,0.1,1.01,10,4,3922341,0.056984901428222656,0.20516952959968626,0.049456312456630645,0.3070017534203268,0.10655024472009185,0.7389884207784394,0.7755856745490768
Oracle-AMDM,0.1,1.01,10,4,3922341,0.0753178596496582,0.20526994725134504,0.04940757833901407,0.30579313907487216,0.10570739931213315,0.7360791474712773,0.7781975012368181
AMDM,0.1,1.01,10,4,3922341,0.06279706954956055,0.3272628434777459,0.12327498554703854,0.3043914302948774,0.10635158762211419,0.7327050737202999,0.7823086086835984
ALS,0.1,1.01,20,0,3932371,0.04212474822998047,0.12693939958766157,0.018875542385185313,0.1592086775418977,0.028989961770536945,0.38321935940455576,0.9388648686315566
Oracle-AMDM,0.1,1.01,20,0,3932371,0.05865335464477539,0.17409783514949773,0.03505222431777749,0.21724904766396635,0.05408380406610712,0.5229240149622226,0.8589109691844762
AMDM,0.1,1.01,20,0,3932371,0.05413413047790527,0.140578597739834,0.02268809580133992,0.15482877220885674,0.027241502082336114,0.37267681522985874,0.9430478431544828
ALS,0.1,1.01,20,1,4042401,0.04230809211730957,0.13068864023263999,0.01968752702405162,0.14654697028047695,0.024885557070933206,0.352720176565834,0.945466252381863
Oracle-AMDM,0.1,1.01,20,1,4042401,0.059635162353515625,0.1308090036803793,0.01965056607013667,0.14575310231754113,0.02459562666078681,0.3508094359512668,0.9461789354622845
AMDM,0.1,1.01,20,1,4042401,0.0537571907043457,0.1352035856537866,0.02101906574918715,0.1307036040448725,0.0197066866003383,0.31458718121748835,0.9559928220848057
ALS,0.1,1.01,20,2,4252431,0.04449892044067383,0.11369971996269701,0.015001083438628061,0.18203631414146154,0.038699578929473843,0.438123507370094,0.9169143878123529
Oracle-AMDM,0.1,1.01,20,2,4252431,0.059664249420166016,0.11374844019784239,0.014985158380288533,0.18321791814492597,0.03920801297177449,0.4409673821912359,0.9159975475186559
AMDM,0.1,1.01,20,2,4252431,0.05405092239379883,0.1214739290913306,0.017283942655289042,0.16109391897690964,0.030228071700052962,0.38771952250862424,0.9348599230994843
ALS,0.1,1.01,20,3,271785,0.043966054916381836,0.18454629179858836,0.039692769182211124,0.22983663710411914,0.06100266870071644,0.5532851601284803,0.8616567296414894
Oracle-AMDM,0.1,1.01,20,3,271785,0.06635499000549316,0.18473422937673495,0.0396120071256595,0.2288408822208967,0.060619182359583385,0.5508880818952009,0.8622962657239173
AMDM,0.1,1.01,20,3,271785,0.05359196662902832,0.2300229370365045,0.061366278098239836,0.23987551436016838,0.0678481145723121,0.5774517241719977,0.8503131584619414
ALS,0.1,1.01,20,4,681815,0.0432591438293457,0.17434792055362724,0.03474768195128864,0.2141401696668523,0.053846631543640326,0.5153611747676791,0.904173752029324
Oracle-AMDM,0.1,1.01,20,4,681815,0.05830192565917969,0.20870537727004132,0.052856405784208985,0.2961220207160496,0.10479908193821759,0.7126630781521487,0.7012506874562381
AMDM,0.1,1.01,20,4,681815,0.05366706848144531,0.2017030490881526,0.04702708302244539,0.1940380066304852,0.04420450700672873,0.4669822350577177,0.9191677252721506
ALS,0.1,1.01,50,0,691875,0.04315781593322754,0.2050680654502022,0.05134840879949348,0.2090190171835492,0.05218999669895938,0.5031610968394961,0.6830924276907927
Oracle-AMDM,0.1,1.01,50,0,691875,0.053009986877441406,0.1918050582088929,0.04333930699588912,0.21018746769860036,0.0520848155532103,0.5059738497204435,0.6671231072664187
AMDM,0.1,1.01,50,0,691875,0.04537701606750488,0.10020968822351364,0.011405343847970168,0.09683996264165676,0.010901726574526715,0.23311803144631194,0.9732182399079361
ALS,0.1,1.01,50,1,801935,0.03837013244628906,0.12700741392060977,0.018829630970310783,0.12074602552682355,0.016782047668867022,0.2906985206170639,0.9609481217706464
Oracle-AMDM,0.1,1.01,50,1,801935,0.05947685241699219,0.2106013809798376,0.05033736209812635,0.2211570135056336,0.055461782250529744,0.5324400233438225,0.6098880142263441
AMDM,0.1,1.01,50,1,801935,0.04797220230102539,0.13446866032519897,0.02080743535679839,0.11059133388673777,0.014139940669819656,0.2662508932585996,0.9667117235634425
ALS,0.1,1.01,50,2,1011995,0.036789894104003906,0.09540375512496166,0.010605924540954818,0.10739990751223212,0.01318829622978757,0.25856246504829183,0.9724697142329294
Oracle-AMDM,0.1,1.01,50,2,1011995,0.05724692344665527,0.19655235244313235,0.04578761005773999,0.21370078697904088,0.05344238467027399,0.5144790488554895,0.636919280864691
AMDM,0.1,1.01,50,2,1011995,0.04695296287536621,0.09825983189692897,0.01115497002541369,0.11122378137520318,0.014165988196657668,0.267768341244516,0.9708445854782205
ALS,0.1,1.01,50,3,1322055,0.03706717491149902,0.10404893112483524,0.012332705977628155,0.1127075959578404,0.014740242924233645,0.2712954732207964,0.9677304581917635
Oracle-AMDM,0.1,1.01,50,3,1322055,0.05863499641418457,0.2733714073957606,0.08837091666147974,0.2818410577228033,0.09358679127598553,0.6784121556151309,0.19844702519402907
AMDM,0.1,1.01,50,3,1322055,0.04657387733459473,0.10688182117364822,0.013005784829164962,0.11623901865003913,0.01569283790413253,0.2797958673803976,0.9648669236608507
ALS,0.1,1.01,50,4,1732115,0.03598594665527344,0.12934053849706253,0.01999909631211608,0.11719991011331228,0.015988768925370437,0.2821396402157335,0.9644743657394473
Oracle-AMDM,0.1,1.01,50,4,1732115,0.055757999420166016,0.12944500627549152,0.01996662255312208,0.11709387505175857,0.015960528603409248,0.2818843781247635,0.9646919845284383
AMDM,0.1,1.01,50,4,1732115,0.05089688301086426,0.13172064078789608,0.020723945016473115,0.11549389256017019,0.015554120185965059,0.278032681616705,0.9656601076626081
ALS,0.1,1.05,5,0,1742170,0.03642988204956055,0.15040035304054825,0.04509239201562161,0.263575245232746,0.14868059791908425,0.8327013560481153,0.7587508136006506
Oracle-AMDM,0.1,1.05,5,0,1742170,0.05822420120239258,0.15289926619454494,0.04355405601270901,0.25897764273517376,0.1423109750534131,0.8181763583347755,0.773629478262639
AMDM,0.1,1.05,5,0,1742170,0.0523989200592041,0.5179771303793141,0.5763287636272643,0.546610424241058,0.6528333731283378,1.7268816010913308,0.5366049296087926
ALS,0.1,1.05,5,1,1852225,0.037985801696777344,0.15776786903658305,0.056423188971324756,0.312994940815322,0.1954447739810408,0.9874500151090364,0.5838604872930251
Oracle-AMDM,0.1,1.05,5,1,1852225,0.05891084671020508,0.18442682402012575,0.06477940933825466,0.32877608618126,0.2080286340977024,1.037237057000004,0.6534197006773074
AMDM,0.1,1.05,5,1,1852225,0.04938793182373047,0.3913999170854893,0.29397628131017006,0.36841419311853274,0.27914385881156817,1.1622890760267204,0.656430217408108
ALS,0.1,1.05,5,2,2062280,0.038458824157714844,0.13951336058407815,0.045416382869594145,0.22976407104977517,0.09727341529182555,0.7234090088816404,0.7748087487459101
Oracle-AMDM,0.1,1.05,5,2,2062280,0.05890297889709473,0.1747731200680312,0.06559639409747933,0.24381944280859616,0.11551293783683624,0.7676621530179532,0.4019946307092905
AMDM,0.1,1.05,5,2,2062280,0.051738739013671875,0.17772546797708746,0.05126008297752796,0.19206212740988113,0.062080416705516075,0.6047049593022843,0.8809000421002875
ALS,0.1,1.05,5,3,2372335,0.039128780364990234,0.15159808430113672,0.050393461345730806,0.3932662527593667,0.33215019690083025,1.244918786138187,0.6693762740676469
Oracle-AMDM,0.1,1.05,5,3,2372335,0.05713629722595215,0.21947826605582835,0.09197776218167464,0.43505782158128603,0.39896022229842437,1.3772136595567532,0.14609664520580123
AMDM,0.1,1.05,5,3,2372335,0.05199313163757324,0.25615856126391523,0.14609241569431264,0.26598618660990336,0.14111433170799445,0.8420025828316878,0.8224358088501977
ALS,0.1,1.05,5,4,2782390,0.03714418411254883,0.19105055478434993,0.0840665078285909,0.46161506056209234,0.41824592267260124,1.4589572648519353,0.3373345901396655
Oracle-AMDM,0.1,1.05,5,4,2782390,0.056652069091796875,0.19898000999807006,0.07956307901954969,0.4517631891566253,0.40061512485227435,1.4278199372658484,0.536579998095738
AMDM,0.1,1.05,5,4,2782390,0.048660993576049805,72.00981455375329,11739.874671375808,72.03723356516706,11751.802893199449,227.67724502263968,0.08288381003272637
ALS,0.1,1.05,10,0,2792450,0.03780794143676758,0.1281133397542738,0.034650959307770283,0.1806643352615201,0.05852380384951706,0.5714030373508843,0.8688857945691486
Oracle-AMDM,0.1,1.05,10,0,2792450,0.05792713165283203,0.1693456306263023,0.053655703227889096,0.2350061355548372,0.10373637884685916,0.7432746449804072,0.6434199017380766
AMDM,0.1,1.05,10,0,2792450,0.05134105682373047,0.1710766491797363,0.05443578819944486,0.1726037041443261,0.060442812682669614,0.5459089679394395,0.8759518915231542
ALS,0.1,1.05,10,1,2902510,0.03667616844177246,0.10699199599557281,0.025468456661182817,0.16467745307235973,0.05791950846951683,0.5164982987110719,0.9052237637444257
Oracle-AMDM,0.1,1.05,10,1,2902510,0.06189322471618652,0.17274530357586965,0.06183406612134645,0.21935787953309424,0.10316362408324459,0.6879992948271308,0.576268545284209
AMDM,0.1,1.05,10,1,2902510,0.04733705520629883,0.11692607400786718,0.028745783012090347,0.15488503375963095,0.05071596557757453,0.48578512079309993,0.9209995469178736
ALS,0.1,1.05,10,2,3112570,0.036592721939086914,0.16509816333841273,0.06151724088912066,0.2670690822854329,0.14826731386557415,0.8425384483000242,0.7613241756804487
Oracle-AMDM,0.1,1.05,10,2,3112570,0.055917978286743164,0.20363418187528137,0.07836018087655766,0.3036211284231245,0.1851215858078392,0.9578513252961247,0.49000869967337496
AMDM,0.1,1.05,10,2,3112570,0.04852175712585449,0.2809187605502561,0.17742617920774092,0.24863898290661132,0.12630318905655058,0.7843959362586949,0.7949066791711787
ALS,0.1,1.05,10,3,3422630,0.03629326820373535,0.10085057484849842,0.022814220469335122,0.14907687277332254,0.04220312410855978,0.46922874563416356,0.9248869075494724
Oracle-AMDM,0.1,1.05,10,3,3422630,0.056062936782836914,0.15604812731025103,0.04582860055694045,0.20850068640871203,0.08012349483645795,0.6562689015900098,0.7256908854812791
AMDM,0.1,1.05,10,3,3422630,0.0506291389465332,0.11427631581031496,0.025513886269840504,0.13332827489551988,0.03573310814218889,0.4196590525608823,0.9322169936214136
ALS,0.1,1.05,10,4,3832690,0.0368809700012207,0.15394362296074818,0.05877434434560335,0.25771330905977907,0.13731048391629772,0.8110241453006125,0.6751770547123488
Oracle-AMDM,0.1,1.05,10,4,3832690,0.05847907066345215,0.1592747031916277,0.05033598287905629,0.2653191439506615,0.13647108579851266,0.8349597183766798,0.6483790403441593
AMDM,0.1,1.05,10,4,3832690,0.05059695243835449,0.21313587435910086,0.08397590712181208,0.18290944046903876,0.06629664752453178,0.5756162658615571,0.8486125960492312
ALS,0.1,1.05,20,0,3842760,0.03600883483886719,0.09996318165130613,0.021089218600638726,0.11134869258829609,0.02294013278681349,0.3513692689983196,0.9475332092517788
Oracle-AMDM,0.1,1.05,20,0,3842760,0.056516170501708984,0.16741278813891397,0.06684939958248122,0.1641766570259489,0.06131099723441086,0.5180719290444454,0.602323462233916
AMDM,0.1,1.05,20,0,3842760,0.04907107353210449,0.10689780836236515,0.021855936246285197,0.10237224388041702,0.020581949589096836,0.3230434023233488,0.9546220038887615
ALS,0.1,1.05,20,1,3952830,0.036988258361816406,0.1743421458544375,0.06497051746350747,0.22031270460797212,0.10086587324377672,0.6949244031756499,0.6820066593394607
Oracle-AMDM,0.1,1.05,20,1,3952830,0.05597710609436035,0.1323311201767609,0.04018142944033339,0.1654425052164065,0.05699208865306151,0.521849315961942,0.884538410318416
AMDM,0.1,1.05,20,1,3952830,0.0534212589263916,0.15091565740849325,0.04944553580252558,0.13925595075413894,0.03884496959461365,0.4392500134691549,0.9285040855508605
ALS,0.1,1.05,20,2,4162900,0.03774905204772949,0.1315594425519667,0.03889459114679818,0.1381645556505901,0.04108315120783192,0.4363431090700899,0.9123198930874471
Oracle-AMDM,0.1,1.05,20,2,4162900,0.060616254806518555,0.18480838626839058,0.08770903284872754,0.1827841069907189,0.0758792034449298,0.5772579310038811,0.5099888871518403
AMDM,0.1,1.05,20,2,4162900,0.046035051345825195,0.1390552865903508,0.04077723721927596,0.12829772907268852,0.036137939074873865,0.4051822822908624,0.9250723684819177
ALS,0.1,1.05,20,3,182294,0.0373837947845459,0.11746017016470182,0.030805774548312605,0.14699347310059097,0.041542636007652026,0.46408603189989894,0.9258156842573413
Oracle-AMDM,0.1,1.05,20,3,182294,0.05749082565307617,0.16327142601757588,0.05305484199268023,0.21183713115282204,0.08598500966519454,0.6688096521026852,0.5804686764019796
AMDM,0.1,1.05,20,3,182294,0.05226302146911621,0.13135304457230434,0.036309787089888045,0.14095251443456222,0.04014497431009351,0.44501358958628634,0.923312571494538
ALS,0.1,1.05,20,4,592364,0.03828835487365723,0.10488622951135089,0.023363346657815243,0.149744905769223,0.041989089674570185,0.47347625589649817,0.9318311736638785
Oracle-AMDM,0.1,1.05,20,4,592364,0.05772900581359863,0.10704369612497125,0.022590904767817967,0.14519160167377199,0.040444474307612215,0.4590792294066966,0.9363377407614533
AMDM,0.1,1.05,20,4,592364,0.04431414604187012,0.11060435537010897,0.024144618448562243,0.1410020935537523,0.038441758151974655,0.44583248416000393,0.9405957751882346
ALS,0.1,1.05,50,0,602464,0.0375368595123291,0.07145708807225874,0.011056993610210748,0.07871438023815983,0.012068365761272579,0.24776335275803443,0.9706802390258723
Oracle-AMDM,0.1,1.05,50,0,602464,0.059513092041015625,0.07286028927410655,0.010601063661361817,0.07899275795196238,0.011829833549652606,0.24863958141531603,0.9711809053282625
AMDM,0.1,1.05,50,0,602464,0.05295681953430176,0.07521597312403933,0.011221595455664037,0.07832379101395806,0.011648929944831854,0.24653392434296478,0.9713056214846812
ALS,0.1,1.05,50,1,712564,0.039492130279541016,0.09100834963576697,0.018113602296265935,0.1167797133362444,0.026607902294947833,0.3678587154292493,0.9354878616339409
Oracle-AMDM,0.1,1.05,50,1,712564,0.05839991569519043,0.17540203164215215,0.054851670685034,0.19344340889679698,0.06998058161789544,0.6093510753887524,0.6547782806442319
AMDM,0.1,1.05,50,1,712564,0.047712087631225586,0.09619247872957225,0.018497661503161757,0.1108600733369871,0.023163265362996267,0.3492117167021635,0.9439831869900622
ALS,0.1,1.05,50,2,922664,0.036917924880981445,0.05523832124015141,0.006552113916038857,0.08450166678172541,0.0141412740610851,0.26589862082646387,0.966820364251203
Oracle-AMDM,0.1,1.05,50,2,922664,0.05768609046936035,0.056269043123577035,0.006314301779467755,0.08319991935714918,0.013810247232925694,0.26180245493954346,0.9687287492820216
AMDM,0.1,1.05,50,2,922664,0.0532841682434082,0.058054450742201925,0.006621727719162607,0.08223098696907397,0.013391235570218579,0.2587535472022701,0.969449052407384
ALS,0.1,1.05,50,3,1232764,0.04008889198303223,0.06456080306074811,0.008805905603381257,0.06391935350652353,0.007582622015465001,0.20179849454421955,0.9828427318056285
Oracle-AMDM,0.1,1.05,50,3,1232764,0.057939767837524414,0.16951733997037025,0.05047814626115452,0.16577482999225673,0.048447708305479356,0.5233643535263097,0.5902855746888414
AMDM,0.1,1.05,50,3,1232764,0.04887580871582031,0.0663375367160219,0.008883580082117181,0.05947409224476622,0.00673388845616536,0.18776445037343784,0.9851060595263675
ALS,0.1,1.05,50,4,1642864,0.03777503967285156,0.08644784828787656,0.01635445993771843,0.07906375383481751,0.012698162578169355,0.25014862635800983,0.9690462303661471
Oracle-AMDM,0.1,1.05,50,4,1642864,0.05958199501037598,0.08768018409812921,0.015900471940126313,0.07696912562157049,0.011964082129617904,0.24352146353230886,0.9711571338988545
AMDM,0.1,1.05,50,4,1642864,0.0516660213470459,0.09454904884012136,0.017720427191542595,0.08225071491781677,0.013626636391414034,0.26023180478682895,0.9671231873328662
ALS,0.1,1.1,5,0,1652969,0.03774595260620117,0.12859687749567034,0.08473802470040717,0.23928406699440632,0.24627671345254878,0.9633927004133375,0.5928312483452116
Oracle-AMDM,0.1,1.1,5,0,1652969,0.05901622772216797,0.14776086686161816,0.08760409421289088,0.25860855470169647,0.2730821157571523,1.0411959182801827,0.29808035092634927
AMDM,0.1,1.1,5,0,1652969,0.053870201110839844,0.19350885688523536,0.1392600582152852,0.18339814121853076,0.12262054662609485,0.7383877779185242,0.7727576785114284
ALS,0.1,1.1,5,1,1763074,0.03706526756286621,0.11629201028893493,0.0672317956648917,0.2112251570084459,0.19096987850720698,0.8813290418714015,0.4447426472275513
Oracle-AMDM,0.1,1.1,5,1,1763074,0.05944681167602539,0.11602754708870909,0.05697889656627994,0.22068960239059293,0.20865721684816466,0.9208190850965005,0.5118593273323486
AMDM,0.1,1.1,5,1,1763074,0.04899311065673828,1.7217204969042836,10.775581940962365,1.7473896804192242,11.23838386939104,7.29091787470311,0.14586953194448227
ALS,0.1,1.1,5,2,1973179,0.037236928939819336,0.11158149920922397,0.06449614110214082,0.2638460564416225,0.3525325619155479,1.1139015205897087,0.6055775866874782
Oracle-AMDM,0.1,1.1,5,2,1973179,0.053725242614746094,0.15466660622343872,0.07171260664375932,0.26653038108376553,0.34341003762239364,1.1252341641052697,0.43536760497030674
AMDM,0.1,1.1,5,2,1973179,0.050763845443725586,0.23921574475369822,0.26523302428679796,0.22351538558197453,0.2075699712184836,0.9436340691718599,0.7145271228687833
ALS,0.1,1.1,5,3,2283284,0.03701281547546387,0.09045814647426392,0.04499119171200086,0.1663203228758199,0.13257012395045734,0.6838387399414917,0.7641090279830822
Oracle-AMDM,0.1,1.1,5,3,2283284,0.05530905723571777,0.14147854816044778,0.06243922329656519,0.18688212409329044,0.13873023881293442,0.7683801597292638,0.7373028255807574
AMDM,0.1,1.1,5,3,2283284,0.04843616485595703,0.12805191787746234,0.06452380639174363,0.10854067061558477,0.0475846946104528,0.4462732764268636,0.9108061530854119
ALS,0.1,1.1,5,4,2693389,0.036756038665771484,0.09384133496578749,0.035973118991945455,0.14566185378499402,0.07184404890191866,0.6145322426112665,0.8909631235665565
Oracle-AMDM,0.1,1.1,5,4,2693389,0.05604696273803711,0.13192105856326244,0.07103606480324913,0.18694242763860697,0.12127244880145273,0.788690699114133,0.6346418915094287
AMDM,0.1,1.1,5,4,2693389,0.05145859718322754,0.11322930253337049,0.040146850707218094,0.11115837400515938,0.04454203563254947,0.4689656425988023,0.9251567652161699
ALS,0.1,1.1,10,0,2703499,0.03723502159118652,0.13198447447168518,0.07580311849482553,0.23545154423550563,0.18916853362084415,0.9950122158695097,0.5464842962729245
Oracle-AMDM,0.1,1.1,10,0,2703499,0.05423998832702637,0.10427568988812759,0.04249180281643154,0.21460418255926636,0.15020270257868926,0.9069117975695993,0.7595357456884192
AMDM,0.1,1.1,10,0,2703499,0.04978299140930176,0.1256967828573013,0.06200530673681476,0.18502710844445122,0.12262803000667251,0.7819198373364457,0.8263589792301917
ALS,0.1,1.1,10,1,2813609,0.03663802146911621,0.08862377603505768,0.0380553399808592,0.1363516314440814,0.06162177420571221,0.5763842185286223,0.8862196422226651
Oracle-AMDM,0.1,1.1,10,1,2813609,0.05636906623840332,0.09618606818958048,0.0323382061657232,0.1262720092119217,0.055878258275910246,0.5337757427677019,0.8992959341061424
AMDM,0.1,1.1,10,1,2813609,0.052880048751831055,0.10265538434183703,0.036909310695682374,0.11842254250749644,0.04851291289258885,0.5005945575894957,0.9096308671901049
ALS,0.1,1.1,10,2,3023719,0.04022693634033203,0.11413199446559517,0.06399069360256573,0.20390815708317778,0.12577901069577127,0.8576452703434582,0.7119764859203921
Oracle-AMDM,0.1,1.1,10,2,3023719,0.057356834411621094,0.09794939732886865,0.04297755088497466,0.19328154902586736,0.12259954951866171,0.8129493627813676,0.6988242061471629
AMDM,0.1,1.1,10,2,3023719,0.04855203628540039,0.16829996815108828,0.09294558122503527,0.1661449804219801,0.07727644071815044,0.6988119489113526,0.8655936932507075
ALS,0.1,1.1,10,3,3333829,0.038359880447387695,0.10177568779797797,0.05780219132399669,0.10832364926911703,0.05097027126514569,0.46001515663411774,0.8913206979127359
Oracle-AMDM,0.1,1.1,10,3,3333829,0.06065988540649414,0.10782823014373373,0.05185163653098193,0.11928391739388157,0.06708351315742062,0.5065598354017202,0.8732097397110014
AMDM,0.1,1.1,10,3,3333829,0.04976916313171387,0.12349009572978668,0.06682789946617422,0.09532212227564212,0.03982211978690708,0.40480191818858446,0.9105576043913397
ALS,0.1,1.1,10,4,3743939,0.0377042293548584,0.10848306300257808,0.07278789075826568,0.23465310371840195,0.18021133522102709,0.9851911784721489,0.678645145131025
Oracle-AMDM,0.1,1.1,10,4,3743939,0.05289006233215332,0.1351525998469076,0.06907864308320245,0.24218602186843244,0.18373027958002433,1.0168181392579259,0.6131658875994763
AMDM,0.1,1.1,10,4,3743939,0.04877281188964844,0.1843318460050373,0.11404626574303374,0.1596936322187511,0.09480278154651114,0.6704737982451467,0.8114304655817994
ALS,0.1,1.1,20,0,3754059,0.03631305694580078,0.07765081977968032,0.027416757692105956,0.09954554735971625,0.04032353607089482,0.4241496535778068,0.9128624529639756
Oracle-AMDM,0.1,1.1,20,0,3754059,0.05675005912780762,0.08152736658583389,0.02517502904640542,0.09773513685736476,0.037357655606700894,0.4164357476546097,0.9212731500327589
AMDM,0.1,1.1,20,0,3754059,0.04833173751831055,0.08717893717626052,0.030877894326958335,0.09389069155450695,0.03630628114669185,0.4000551039527515,0.9245280441575444
ALS,0.1,1.1,20,1,3864179,0.03704476356506348,0.09730532522520849,0.04965816665259936,0.12271993816032865,0.07211577902194517,0.5156198168121209,0.7490628093303299
Oracle-AMDM,0.1,1.1,20,1,3864179,0.05463814735412598,0.07555353062000619,0.02373920378473197,0.08791697124176581,0.027483338071333366,0.36939174909892564,0.9437289040131432
AMDM,0.1,1.1,20,1,3864179,0.051181793212890625,0.08349974776871416,0.027266751087381448,0.07750533955658304,0.019795280275941792,0.3256462607723624,0.9585407950249657
ALS,0.1,1.1,20,2,4074299,0.03701615333557129,0.09431392194132625,0.043297947587727585,0.12454471993356436,0.06589783069688092,0.5188569204792057,0.8228509092598906
Oracle-AMDM,0.1,1.1,20,2,4074299,0.05742311477661133,0.1034899302305891,0.05542966551601055,0.12393317846848854,0.07823212553400732,0.5163092209742902,0.7655194035195891
AMDM,0.1,1.1,20,2,4074299,0.0503230094909668,0.10455530822992769,0.03818631972346269,0.10637156426155782,0.048108846084013716,0.4431470261344566,0.9040165267083285
ALS,0.1,1.1,20,3,93743,0.03623700141906738,0.0851580039382699,0.037515152896615694,0.11154845570563166,0.04724686881235429,0.4716550328101117,0.9022478672701
Oracle-AMDM,0.1,1.1,20,3,93743,0.0574650764465332,0.13809769435987831,0.06488380385829719,0.16028211523745525,0.08984720968636126,0.6777132488565631,0.5415334123770196
AMDM,0.1,1.1,20,3,93743,0.05045914649963379,0.10184850835630543,0.0397161033673247,0.10015403748719143,0.03664472389989769,0.42347655589015526,0.9212022136159554
ALS,0.1,1.1,20,4,503863,0.03631901741027832,0.07496657021164498,0.026464246758589903,0.10660671015263767,0.04197786661711516,0.44713007470258687,0.8980255537765774
Oracle-AMDM,0.1,1.1,20,4,503863,0.058014869689941406,0.12569742759797692,0.05562068645679533,0.148950689594415,0.07562269014454016,0.6247292770782944,0.46845377461068943
AMDM,0.1,1.1,20,4,503863,0.049057722091674805,0.08750068941477888,0.025794633972078748,0.09558836637152006,0.032077587755515155,0.4009169154099304,0.9250453309080692
ALS,0.1,1.1,50,0,514013,0.039071083068847656,0.05562825026873583,0.013781626628829143,0.051998647985956555,0.010797607368680628,0.2177936943453613,0.9764191598089317
Oracle-AMDM,0.1,1.1,50,0,514013,0.058518171310424805,0.1277273995482422,0.08922771118291643,0.13546765131861738,0.09153264644813909,0.5673993726325187,0.24729750184299498
AMDM,0.1,1.1,50,0,514013,0.05050992965698242,0.05806588700223794,0.01266688051399904,0.049024670889549087,0.009652809910996502,0.20533734242444207,0.9789131788727774
ALS,0.1,1.1,50,1,624163,0.03636908531188965,0.053991719373774984,0.0132527998764682,0.06854028332305193,0.018462022172779917,0.2850909767966657,0.9583370490292007
Oracle-AMDM,0.1,1.1,50,1,624163,0.058418989181518555,0.057258542496305236,0.011914311448062676,0.06703298841075504,0.01733173448093973,0.2788214348859331,0.9590165367333474
AMDM,0.1,1.1,50,1,624163,0.04631400108337402,0.05953693172987883,0.013460767176036274,0.07007403757174892,0.0190503447856557,0.29147057541702914,0.9563117143834419
ALS,0.1,1.1,50,2,834313,0.03661012649536133,0.042949268006331434,0.009602393427818712,0.06173624878523053,0.012944117226947337,0.2582331441117703,0.9729687448309992
Oracle-AMDM,0.1,1.1,50,2,834313,0.05603981018066406,0.15469803625614445,0.07959165792231679,0.16863684970353837,0.08750111845708017,0.7053817614274434,0.34905207673925354
AMDM,0.1,1.1,50,2,834313,0.05215573310852051,0.04767455233215188,0.00858572895470667,0.0586282320807281,0.011387622273069343,0.2452327927566427,0.9763937267559614
ALS,0.1,1.1,50,3,1144463,0.03906989097595215,0.08357868114287464,0.04882457268155414,0.0980612973052863,0.05257956713217865,0.41169374140943504,0.6870258330031778
Oracle-AMDM,0.1,1.1,50,3,1144463,0.05891299247741699,0.13142575694021247,0.04685959981628511,0.13452409970298265,0.04991888364008656,0.5647766390856347,0.6572664721789201
AMDM,0.1,1.1,50,3,1144463,0.05196380615234375,0.05372787009983077,0.009622293258047844,0.055268370592181974,0.00978547391986876,0.23203488935967792,0.9756863919493519
ALS,0.1,1.1,50,4,1554613,0.03602004051208496,0.0558119296256928,0.012245701016485486,0.05494605638845931,0.012713057559427967,0.23187255103303758,0.9756046918266357
Oracle-AMDM,0.1,1.1,50,4,1554613,0.057807207107543945,0.11296153551465504,0.048384608156301356,0.11600140816470647,0.055149683532885206,0.48952635006985856,0.6306754814102624
AMDM,0.1,1.1,50,4,1554613,0.05345511436462402,0.06301541159658458,0.011167186221753236,0.05435323428584589,0.012568879012804927,0.2293708396769044,0.9755025961149133
ALS,0.1,1.2,5,0,1564808,0.03677010536193848,0.05658875326931033,0.07977156983232174,0.13097535962947543,0.14626994178281497,0.8965678019193322,0.6898365749742066
Oracle-AMDM,0.1,1.2,5,0,1564808,0.059979915618896484,0.09713525218660526,0.05917895283201141,0.13782393803229254,0.17006282025509065,0.9434484892658407,0.6668681696697292
AMDM,0.1,1.2,5,0,1564808,0.04943513870239258,0.12606593116850007,0.1492497714233171,0.13955495118571917,0.17361512516544356,0.9552978223194137,0.7126286765465315
ALS,0.1,1.2,5,1,1675003,0.03718829154968262,0.050881108824496084,0.0640986099564959,0.10474244645060958,0.2140609185997895,0.6857783238620924,0.5611274513498283
Oracle-AMDM,0.1,1.2,5,1,1675003,0.05794715881347656,0.09291219095902518,0.07540847388480879,0.12363971489034796,0.2329771215027011,0.8095040674868288,0.4818726421808992
AMDM,0.1,1.2,5,1,1675003,0.0485689640045166,0.07229308273393259,0.05998443720791176,0.07405202663582686,0.09370310635766373,0.4848394936894546,0.8958380811973813
ALS,0.1,1.2,5,2,1885198,0.03660011291503906,0.0626631896404062,0.1123003101613737,0.14534329869369064,0.27616762758679364,0.9770931852324849,0.5209338104255421
Oracle-AMDM,0.1,1.2,5,2,1885198,0.05662894248962402,0.09752804743123408,0.08531634034853053,0.16780634677157757,0.3368126464006726,1.1281045589505756,0.40577104974085276
AMDM,0.1,1.2,5,2,1885198,0.049070119857788086,0.1437029391461447,0.2757607589174885,0.1393709328875113,0.2465265462323965,0.9369430167597593,0.6251468386301072
ALS,0.1,1.2,5,3,2195393,0.036396026611328125,0.07013785142791222,0.08713559705782548,0.19622141851995886,0.5355917535879444,1.2139714638433396,0.5606026633463348
Oracle-AMDM,0.1,1.2,5,3,2195393,0.05748105049133301,0.10589798595924219,0.0880660789106114,0.21392728097547214,0.5425489740720048,1.3235130823162584,0.3096353450622065
AMDM,0.1,1.2,5,3,2195393,0.04954075813293457,13.141183934197786,2491.021110347705,13.133443796140758,2483.973389968387,81.25323988972947,0.155661589543616
ALS,0.1,1.2,5,4,2605588,0.03622102737426758,0.05248438965040581,0.07065838176791397,0.25625350430447585,0.8397982468215737,1.5011807836460582,0.4877070405571403
Oracle-AMDM,0.1,1.2,5,4,2605588,0.05652213096618652,0.06741476327340042,0.06049875335335867,0.2607123978490497,0.8401738066714741,1.527301812990049,0.49851783423274626
AMDM,0.1,1.2,5,4,2605588,0.052438974380493164,0.22291765964960086,0.42153576914177165,0.23657867868413895,0.6285488741446652,1.3859219885595202,0.47847949066692747
ALS,0.1,1.2,10,0,2615788,0.03716683387756348,0.051814858544409446,0.08103429607621268,0.09087866485929204,0.08089627671164726,0.5966444541124949,0.843671491312682
Oracle-AMDM,0.1,1.2,10,0,2615788,0.05539870262145996,0.07361681768141537,0.045902770531718956,0.07864604838689114,0.07592077711599328,0.5163338246722022,0.8753058452211675
AMDM,0.1,1.2,10,0,2615788,0.051152944564819336,0.0833001977991658,0.0759491438164042,0.07645477509576605,0.07524243371854873,0.5019474881363509,0.8751002575174635
ALS,0.1,1.2,10,1,2725988,0.036479949951171875,0.04738887923648483,0.08682685732351861,0.11709213739541122,0.14219851788583193,0.7162700336757593,0.6582795374266905
Oracle-AMDM,0.1,1.2,10,1,2725988,0.058715105056762695,0.10854495269242068,0.06607424666352191,0.15921411585311454,0.1346024237263039,0.9739364457808228,0.5508815589377442
AMDM,0.1,1.2,10,1,2725988,0.05104207992553711,0.10403958651650494,0.11577235902964778,0.13226555700755752,0.13554057288857183,0.8090881000149802,0.7715604433743091
ALS,0.1,1.2,10,2,2936188,0.03685927391052246,0.043376474965853805,0.05820408208945311,0.08892069181006536,0.11241055467389327,0.5381542996463479,0.7267900794793384
Oracle-AMDM,0.1,1.2,10,2,2936188,0.05790114402770996,0.05052992242006186,0.05257741056849737,0.08900606022501699,0.10718358500678435,0.5386709553158555,0.7475370689659313
AMDM,0.1,1.2,10,2,2936188,0.053397178649902344,0.07644716759560434,0.06025368270718986,0.07736984183840255,0.06000161521243616,0.4682477407759118,0.8830083928371799
ALS,0.1,1.2,10,3,3246388,0.04083085060119629,0.042866577963448366,0.053997123847808276,0.08008049576945005,0.06927040190777094,0.5105980082020931,0.8571595449299474
Oracle-AMDM,0.1,1.2,10,3,3246388,0.0607759952545166,0.06457282114888897,0.03591830596422455,0.05987456092185307,0.03814623199496776,0.3817637647585085,0.9157567691536093
AMDM,0.1,1.2,10,3,3246388,0.045343875885009766,0.07933977609441402,0.05241791981424325,0.06005426733901683,0.04972184865242773,0.38290958357223204,0.8994130226280465
ALS,0.1,1.2,10,4,3656588,0.052796125411987305,0.03683195423536099,0.04363335363965127,0.07240071329408591,0.05772849528737776,0.49066470161713016,0.8695145168072254
Oracle-AMDM,0.1,1.2,10,4,3656588,0.19523406028747559,0.055501196646732386,0.028510985524942453,0.07432713910814287,0.05674067932893592,0.5037202241974443,0.838298193607972
AMDM,0.1,1.2,10,4,3656588,0.06667494773864746,0.05821599630148827,0.03809483420205925,0.06353794648166212,0.04795947598430159,0.4306011105879055,0.8907700055881758
ALS,0.1,1.2,20,0,3666798,0.05544424057006836,0.055696989026577284,0.05166315286351533,0.12769376446549813,0.10939357999021294,0.8405383057265798,0.7349762044721233
Oracle-AMDM,0.1,1.2,20,0,3666798,0.07156991958618164,0.061222890106879764,0.02842688281904084,0.10661681456904347,0.07112036289508632,0.7018002566917992,0.8473144764849027
AMDM,0.1,1.2,20,0,3666798,0.05545997619628906,0.09633584667383967,0.04096711149308011,0.08747031247837428,0.049078636283583346,0.5757692911607469,0.9197752491899728
ALS,0.1,1.2,20,1,3777008,0.038091182708740234,0.0535897918322873,0.07004353348722772,0.11406504938004663,0.09114810280100938,0.7532853408884039,0.796461132709174
Oracle-AMDM,0.1,1.2,20,1,3777008,0.048812150955200195,0.07396281908889869,0.030038791738403316,0.08482390062078447,0.05368593210355371,0.5601768573449558,0.8969312703652875
AMDM,0.1,1.2,20,1,3777008,0.04531097412109375,0.07914382505226882,0.03581370022429675,0.07009081653439299,0.04445908134060015,0.46287960171165987,0.9211155959587632
ALS,0.1,1.2,20,2,3987218,0.03681778907775879,0.05132155651250091,0.058191163350284326,0.07951245373453082,0.0785966006812438,0.5028237069642281,0.7465369861623323
Oracle-AMDM,0.1,1.2,20,2,3987218,0.06760811805725098,0.0699939307519712,0.05757006067575762,0.09966236129148928,0.11085581044380809,0.6302484151313751,0.5736371464743841
AMDM,0.1,1.2,20,2,3987218,0.08011102676391602,0.07785868202218091,0.056946760723771875,0.06920735199513824,0.051255966515003866,0.4376559349502373,0.8746486525692955
ALS,0.1,1.2,20,3,6752,0.08088994026184082,0.04831207977829747,0.07118060850330202,0.10048304810667248,0.09043044648061724,0.6529490781260998,0.6066748054292472
Oracle-AMDM,0.1,1.2,20,3,6752,0.07002711296081543,0.1018065425253318,0.04860721408121061,0.12056712785992517,0.07406566310175608,0.78345747339269,0.6062936758007149
AMDM,0.1,1.2,20,3,6752,0.0670628547668457,0.07823215868942063,0.03692489639137492,0.0666739163926072,0.03009201931033382,0.4332538976862371,0.9023708369528135
ALS,0.1,1.2,20,4,416962,0.055294036865234375,0.03878006993088134,0.03848376908530331,0.05832622852331754,0.03161471615996429,0.3844614891306238,0.9263797778420726
Oracle-AMDM,0.1,1.2,20,4,416962,0.07819509506225586,0.09465317870478342,0.056884356347872436,0.08500412745570357,0.0616333553212611,0.5603107598634475,0.6899262306065153
AMDM,0.1,1.2,20,4,416962,0.058469295501708984,0.05489176298132047,0.02915279704076975,0.04828855085926557,0.02447993920381161,0.31829742195470756,0.9571074803862267
ALS,0.1,1.2,50,0,427202,0.03674817085266113,0.02813989504621062,0.01381432118501022,0.0400955999223961,0.011765790367497628,0.26918717058581243,0.9701716551608703
Oracle-AMDM,0.1,1.2,50,0,427202,0.04874706268310547,0.03581854473630283,0.009241677518035528,0.030626167817866784,0.007590030233333514,0.20561287215390683,0.9801832970079187
AMDM,0.1,1.2,50,0,427202,0.04418516159057617,0.03511959444438963,0.00944672267781964,0.030036841513706877,0.007153949115999474,0.20165635122204295,0.9811729757699152
ALS,0.1,1.2,50,1,537442,0.038161277770996094,0.03277759054388718,0.019889261026248918,0.0447476131358746,0.01638484244813853,0.2701280128303333,0.954964793741944
Oracle-AMDM,0.1,1.2,50,1,537442,0.05848503112792969,0.07719065021058583,0.04618101222902278,0.0890005754009923,0.05256143280066473,0.537269965681185,0.6221176337016704
AMDM,0.1,1.2,50,1,537442,0.049166202545166016,0.03933077993253018,0.014652867267228751,0.03288888898849725,0.008868247336497525,0.19854042716610582,0.9778373920253433
ALS,0.1,1.2,50,2,747682,0.03707695007324219,0.028510979160308817,0.01586564495224426,0.043622018543057514,0.01615925297104984,0.24624232290920112,0.9625663896086929
Oracle-AMDM,0.1,1.2,50,2,747682,0.05789995193481445,0.07250378034846362,0.04930976205085784,0.07336565340030649,0.04892768363663672,0.41414243353298413,0.5762720875916629
AMDM,0.1,1.2,50,2,747682,0.05030393600463867,0.036992974320637285,0.009617050822954986,0.038622829404941064,0.009073616298223827,0.2180223553985927,0.9804390273480663
ALS,0.1,1.2,50,3,1057922,0.03799009323120117,0.03355591503548964,0.02021212601492661,0.041544526304498786,0.018050822479122944,0.2768956644397354,0.9383937766017004
Oracle-AMDM,0.1,1.2,50,3,1057922,0.05803418159484863,0.08779430358069325,0.049039034671087764,0.09216033361613614,0.0527652360635162,0.6142517217452136,0.7160529427829703
AMDM,0.1,1.2,50,3,1057922,0.051579952239990234,0.04297636050168263,0.012583265794547473,0.0312126891780311,0.009322610644589419,0.20803362266200542,0.9690116362257865
ALS,0.1,1.2,50,4,1468162,0.03707599639892578,0.02353440477604067,0.012800929136381216,0.039505471031098575,0.012638750123531418,0.2704940013124831,0.9693148021928625
Oracle-AMDM,0.1,1.2,50,4,1468162,0.05765104293823242,0.11518057173421191,0.08990568356449406,0.1075812229756158,0.08828557493843568,0.7366087458078217,0.18184827671591935
AMDM,0.1,1.2,50,4,1468162,0.04922604560852051,0.031533108015660394,0.009130369438616663,0.034339227895240375,0.009147304342713049,0.23512072917831775,0.9769414457915995
ALS,0.1,1.5,5,0,1478667,0.03671097755432129,0.012593549458978563,0.2718994019453495,0.05936582381000116,0.3239692283575712,0.786694393701661,0.7212849214099746
Oracle-AMDM,0.1,1.5,5,0,1478667,0.05868697166442871,0.07201888780835096,0.07529867846886766,0.046248401049557596,0.3885914192783231,0.6128670586598277,0.5499413110502078
AMDM,0.1,1.5,5,0,1478667,0.05009794235229492,0.06315931705968504,0.23843377348328412,0.0656820432030186,0.21990401985479854,0.8703946452433473,0.8632833290792823
ALS,0.1,1.5,5,1,1589172,0.036789894104003906,0.014031647717829327,0.278861829514496,0.08735418517914162,0.2725875302828132,1.0519545915366773,0.6119718408506328
Oracle-AMDM,0.1,1.5,5,1,1589172,0.055735111236572266,0.02740418622137843,0.041873519040439636,0.08275692324571342,0.36028423366185575,0.9965924953823954,0.7754791399494222
AMDM,0.1,1.5,5,1,1589172,0.05353593826293945,0.060926799365433756,0.18343850942389162,0.0988499923141458,0.4092535724405374,1.1903917720139248,0.7794500890830591
ALS,0.1,1.5,5,2,1799677,0.04356980323791504,0.010225532333749973,0.13547401990306326,0.060005198766764856,0.22432379953614134,0.7919182011505196,0.6670111339033324
Oracle-AMDM,0.1,1.5,5,2,1799677,0.05679774284362793,0.04148592054749933,0.04292853376867441,0.07438471627695162,0.19350729775721923,0.9816917853418056,0.7645021638119273
AMDM,0.1,1.5,5,2,1799677,0.045780181884765625,0.02990048540080711,0.10864814714542283,0.04978685921043032,0.08256963145147705,0.6570617346024975,0.8898010754102902
ALS,0.1,1.5,5,3,2110182,0.038207054138183594,0.009633648711922748,0.2825796392818627,0.07065027550200974,0.3343065721617373,0.6532548626280098,0.5568550550696049
Oracle-AMDM,0.1,1.5,5,3,2110182,0.05794191360473633,0.043699906956488566,0.06952112828510136,0.08478640885146872,0.44741589748183413,0.7839620365728498,0.5224197429172844
AMDM,0.1,1.5,5,3,2110182,0.04661417007446289,0.5980099481447629,49.66740389966091,0.6000251957094817,48.74920767336397,5.548023330572746,0.41378846221781995
ALS,0.1,1.5,5,4,2520687,0.03667020797729492,0.011314142176779132,0.17205032047244473,0.07033987529057625,0.23904728800747974,0.8548851302976733,0.6056498345420693
Oracle-AMDM,0.1,1.5,5,4,2520687,0.057949066162109375,0.029398347357591018,0.046692196306681616,0.07891342325832396,0.1358867284459634,0.9590848980857646,0.6926305928716032
AMDM,0.1,1.5,5,4,2520687,0.047421932220458984,0.06011954021097703,0.21329609325079188,0.08138369367736026,0.2569198133478615,0.989107661707742,0.6627241614371643
ALS,0.1,1.5,10,0,2531197,0.03727316856384277,0.013061837592396798,0.16622634447471193,0.06267197619568149,0.23423787056907305,0.9006996152568166,0.4907160100654611
Oracle-AMDM,0.1,1.5,10,0,2531197,0.0566709041595459,0.0556218998970824,0.05854288440816717,0.07255184494686365,0.1415502327380523,1.0426896165804194,0.6469005614102148
AMDM,0.1,1.5,10,0,2531197,0.04657316207885742,0.7381275964075121,47.61288144477968,0.7595092176975263,47.78690735543018,10.91539954042978,0.291015482837902
ALS,0.1,1.5,10,1,2641707,0.0372622013092041,0.010232904870624835,0.0913801817944585,0.03326574049809792,0.11810774851841632,0.4024694834381635,0.877009576985585
Oracle-AMDM,0.1,1.5,10,1,2641707,0.05956006050109863,0.021450201502486044,0.035246846826054286,0.035764068778006,0.07471395951701026,0.43269580268486885,0.9206008384364861
AMDM,0.1,1.5,10,1,2641707,0.04860424995422363,0.022927116737427505,0.0466577694512598,0.03071200498295759,0.06279395041846225,0.37157281322350266,0.9195041990005295
ALS,0.1,1.5,10,2,2852217,0.03673410415649414,0.01135486813490203,0.2094468634015076,0.06468124609420589,0.21218475217448982,0.6694505842436769,0.5400769374809934
Oracle-AMDM,0.1,1.5,10,2,2852217,0.05867791175842285,0.06645759613599546,0.07177628207730818,0.0879341550204833,0.17803002501966725,0.9101180791677715,0.5182299504605197
AMDM,0.1,1.5,10,2,2852217,0.04965806007385254,0.052703336668489656,0.19497071395587234,0.06058884349975483,0.1815199237467306,0.6270942371840457,0.5874968721559712
ALS,0.1,1.5,10,3,3162727,0.037595272064208984,0.009531371047175424,0.06520643955988537,0.04294849386167467,0.0824169003647066,0.6238676885036901,0.8074303560331249
Oracle-AMDM,0.1,1.5,10,3,3162727,0.056498050689697266,0.031035036389363883,0.05520229731347899,0.04936463213887541,0.08504757249602157,0.7170681944168722,0.611599604210112
AMDM,0.1,1.5,10,3,3162727,0.048851966857910156,0.03458931326751061,0.03878964969169034,0.04167339538919547,0.049994708214756246,0.6053456714289529,0.8802685171236554
ALS,0.1,1.5,10,4,3573237,0.03780198097229004,0.0090747507923028,0.13271950531375004,0.055499601117658254,0.17266853344407274,0.6493916671116455,0.6862616601499841
Oracle-AMDM,0.1,1.5,10,4,3573237,0.05908465385437012,0.03922819643421687,0.056573305705380626,0.061347605259756154,0.13518414180378396,0.7178181978007908,0.7407988322025453
AMDM,0.1,1.5,10,4,3573237,0.049777984619140625,0.05288418276480851,0.10057879551120277,0.04517509495470725,0.06079973319647132,0.5285863255552357,0.8863846789277261
ALS,0.1,1.5,20,0,3583757,0.03711199760437012,0.011976177386134688,0.18546487052958271,0.047829132627510304,0.19854787192495105,0.7299521659749388,0.48703834643469895
Oracle-AMDM,0.1,1.5,20,0,3583757,0.06092429161071777,0.038580442354624093,0.045728070195873716,0.027267693727480287,0.04392393344738682,0.4161503879346343,0.852365707430103
AMDM,0.1,1.5,20,0,3583757,0.04706692695617676,0.04833289414359192,0.056381191580489785,0.03880564389479553,0.04001932697177169,0.5922387101112825,0.8298592801914252
ALS,0.1,1.5,20,1,3694277,0.0385129451751709,0.007742294062173634,0.08644118534402494,0.058105178586289705,0.10386832409931647,0.7189162902320918,0.7042135426869003
Oracle-AMDM,0.1,1.5,20,1,3694277,0.05902385711669922,0.03258541550011302,0.024082679593417224,0.03666848474369333,0.02558502035199756,0.4536871181149463,0.9377397968413961
AMDM,0.1,1.5,20,1,3694277,0.05242490768432617,0.03133645118494885,0.025551844047915124,0.041540048963021804,0.026109040247594653,0.5139613821546992,0.914284492644728
ALS,0.1,1.5,20,2,3904797,0.039283037185668945,0.0115123562094782,0.09903612075576292,0.066752732394896,0.16339667816823011,0.9699908841404297,0.6515134783756039
Oracle-AMDM,0.1,1.5,20,2,3904797,0.05710315704345703,0.06683887152009967,0.047579855870847156,0.06907316721652643,0.10029423591249552,1.003709363421671,0.5696359929184144
AMDM,0.1,1.5,20,2,3904797,0.04923605918884277,0.09987157154390244,0.07716211347883284,0.06980496179805117,0.05276166476314672,1.0143431464545978,0.7155779492617418
ALS,0.1,1.5,20,3,4215317,0.03621792793273926,0.008013525900598392,0.06418939442645516,0.06373663929166068,0.07649519094770837,0.9705408420984359,0.8504295150866138
Oracle-AMDM,0.1,1.5,20,3,4215317,0.05682015419006348,0.02567348221994359,0.04593330041826149,0.06724899800872801,0.07638664422206537,1.0240247977148458,0.658710911080256
AMDM,0.1,1.5,20,3,4215317,0.05326104164123535,0.02865379688037638,0.02063255560593145,0.04487705227467003,0.03139837263959886,0.6833590943859591,0.9378761546788248
ALS,0.1,1.5,20,4,335161,0.037720680236816406,0.01172299819922863,0.12391704698178874,0.059383709496643795,0.18299262884679515,0.854296438796056,0.5784598604168505
Oracle-AMDM,0.1,1.5,20,4,335161,0.059381961822509766,0.03268581731134847,0.043810485144270765,0.05457450582166951,0.16879477994928496,0.7851110408510583,0.6290277696713257
AMDM,0.1,1.5,20,4,335161,0.04811906814575195,0.04368616658603179,0.09048141533063499,0.039295741644579205,0.08915817895559025,0.5653101234558474,0.7314527362595602
ALS,0.1,1.5,50,0,345711,0.037680864334106445,0.008547866664232242,0.07945937373053544,0.02470602978200267,0.06874486243747067,0.3390398813908824,0.7006059969819634
Oracle-AMDM,0.1,1.5,50,0,345711,0.058959007263183594,0.01365191462968955,0.050298054522539395,0.025719732118850994,0.056172500777644074,0.3529508789523392,0.7093430008255718
AMDM,0.1,1.5,50,0,345711,0.05311012268066406,0.016400152411800612,0.01825066922812265,0.02353524213748016,0.010595368928543927,0.32297320828980897,0.9464380411336195
ALS,0.1,1.5,50,1,456261,0.03681802749633789,0.007298676485745709,0.05780015430158985,0.022948442346377624,0.05246443879834395,0.28286415702629897,0.8754675727917549
Oracle-AMDM,0.1,1.5,50,1,456261,0.05828404426574707,0.014112360413037872,0.01595208969306539,0.01819269063172524,0.0158685392944662,0.22424441807029677,0.9621894476353127
AMDM,0.1,1.5,50,1,456261,0.0508270263671875,0.014860857876152373,0.01771898802643918,0.017882873974753265,0.015638896354977973,0.22042559559056898,0.9537806853965896
ALS,0.1,1.5,50,2,666811,0.04153585433959961,0.0050023485273595165,0.030271585957901814,0.036933379541888564,0.03835218221217797,0.5718617737693191,0.9397946348800325
Oracle-AMDM,0.1,1.5,50,2,666811,0.06111311912536621,0.030876259745938953,0.03958276374638411,0.05587372344533847,0.05278642284164889,0.8651265330406264,0.6987697238856587
AMDM,0.1,1.5,50,2,666811,0.05194497108459473,0.01552547842464508,0.008673562355971975,0.029653176934995144,0.012566749504393893,0.4591380093096857,0.9740386476985018
ALS,0.1,1.5,50,3,977361,0.038722991943359375,0.009373422251792028,0.12132565982239277,0.032152906610973066,0.12265808147160175,0.40479280853122485,0.7037902251434024
Oracle-AMDM,0.1,1.5,50,3,977361,0.05731987953186035,0.023164465031878866,0.020543396058982682,0.025308010308840424,0.023906723280879484,0.31861817953828436,0.9482266152398757
AMDM,0.1,1.5,50,3,977361,0.05185103416442871,0.02571166252861655,0.023901973478335805,0.021449122464285743,0.020092536640047703,0.2700362560654248,0.9659946218200238
ALS,0.1,1.5,50,4,1387911,0.04035305976867676,0.007592698094783326,0.07939390124235914,0.02698354614077006,0.07140985985527114,0.3417887129803406,0.7958259242889273
Oracle-AMDM,0.1,1.5,50,4,1387911,0.0560300350189209,0.025355386852389687,0.013077813413349154,0.02095630846805706,0.012138479577750248,0.2654443438512351,0.9504792600380828
AMDM,0.1,1.5,50,4,1387911,0.04537701606750488,0.029093581203513918,0.013984119835748007,0.02490423972754658,0.012281787661893657,0.3154510530167514,0.9564220202655122
ALS,0.3,1.01,5,0,1417926,0.037982940673828125,0.28243927948652003,0.09399090172395251,1.441687806802081,2.4359848294887705,3.4701566033094298,0.204033369797401
Oracle-AMDM,0.3,1.01,5,0,1417926,0.05554795265197754,0.30974214104535686,0.11261577039430941,1.4446340331036907,2.4471180052430657,3.4772481987346926,0.11485517833204839
AMDM,0.3,1.01,5,0,1417926,0.052857160568237305,1.2300435690905585,1.7557993608973803,1.9074782063062918,4.25752125042664,4.59131863504157,0.3018799398205675
ALS,0.3,1.01,5,1,1547941,0.042768001556396484,0.2425838217897734,0.06836058863305235,0.9801215701036625,1.1352029831691166,2.359099641494021,0.40597801199934835
Oracle-AMDM,0.3,1.01,5,1,1547941,0.05901193618774414,0.28469445934606535,0.09430378651649503,0.9832513447580736,1.141286240419748,2.3666328399159244,0.3187571699187548
AMDM,0.3,1.01,5,1,1547941,0.05384325981140137,0.8813277219882267,0.8966452523025856,0.9940575942686969,1.146177815349841,2.3926428983862325,0.5144422303379403
ALS,0.3,1.01,5,2,1777956,0.03835797309875488,0.2693349074478987,0.08413573582018803,2.00501561318969,4.751001073944472,4.826973155024104,0.15684697020565927
Oracle-AMDM,0.3,1.01,5,2,1777956,0.055567026138305664,0.30250882423649245,0.10502346002329124,2.0062556052785445,4.757258250939712,4.829958372937606,0.10684525323277035
AMDM,0.3,1.01,5,2,1777956,0.045072078704833984,0.9935352183762635,1.1460034825754633,1.534482481129566,2.7851761808334037,3.6941885611972274,0.44319699388019773
ALS,0.3,1.01,5,3,2107971,0.036321163177490234,0.280869557224187,0.09034374137777107,1.8901528334511069,3.9604146824690245,4.5504602751092715,0.12444186650991193
Oracle-AMDM,0.3,1.01,5,3,2107971,0.05501294136047363,0.3647139731085924,0.15678535054071907,1.8860559293537362,3.940924689893053,4.540597157685069,0.13156288163217825
AMDM,0.3,1.01,5,3,2107971,0.05007815361022949,1.0685082300711357,1.2837972600953351,1.6965143042255828,3.246730867566348,4.084283985352581,0.20501544619726939
ALS,0.3,1.01,5,4,2537986,0.03695201873779297,0.29633993105065365,0.10233908434750402,1.831376136900834,3.908204745105406,4.408490663991989,0.10071515806124716
Oracle-AMDM,0.3,1.01,5,4,2537986,0.05547213554382324,0.3319913957518179,0.12736811077639354,1.826588888782297,3.886757296030511,4.396966795021796,0.10178994704249215
AMDM,0.3,1.01,5,4,2537986,0.04989314079284668,1.0121207258216325,1.194175518761361,1.2361279434468821,1.7893191086730351,2.9756085537988404,0.3768462211596992
ALS,0.3,1.01,10,0,2568006,0.03690600395202637,0.3976907333968668,0.18497916855458987,0.8306934996021565,0.8046029678784453,1.9996089770975627,0.2703678601169671
Oracle-AMDM,0.3,1.01,10,0,2568006,0.058094024658203125,0.39670805830822675,0.18228125734202633,0.8240570920815556,0.7913587361627069,1.9836341078344388,0.24740250345042206
AMDM,0.3,1.01,10,0,2568006,0.04911303520202637,0.7029712845424244,0.577899829293671,0.8919865031013121,0.9202144303585318,2.1471508082168413,0.27344022122011247
ALS,0.3,1.01,10,1,2698026,0.03790688514709473,0.33623679402168916,0.13391593563563597,0.8240997291099815,0.7767887082039339,1.9834323472729558,0.15855074259155716
Oracle-AMDM,0.3,1.01,10,1,2698026,0.056369781494140625,0.4148483040818098,0.1979797030495158,0.7905411363605596,0.7140640074420441,1.9026639693242717,0.1399889053832514
AMDM,0.3,1.01,10,1,2698026,0.05016970634460449,0.4842783538811325,0.26628120139260864,0.7428303443463427,0.633256686263185,1.7878342650393175,0.31601163917503505
ALS,0.3,1.01,10,2,2928046,0.04152393341064453,0.4320870486957863,0.21514638011116377,1.293824404041411,1.8985728683812537,3.114682279322517,0.12916441677265167
Oracle-AMDM,0.3,1.01,10,2,2928046,0.0599057674407959,0.49932413649830415,0.28737398820229965,1.2793172076557717,1.852680564159218,3.0797584462553242,0.10303844586112228
AMDM,0.3,1.01,10,2,2928046,0.0539250373840332,0.8560457974360355,0.8418168797293075,1.0710801581851879,1.294847147800293,2.5784599347583383,0.3817453122624884
ALS,0.3,1.01,10,3,3258066,0.0431210994720459,0.24370828324953528,0.06978901136486167,0.6953479783637081,0.559702598750343,1.6739097358193618,0.2927868708285104
Oracle-AMDM,0.3,1.01,10,3,3258066,0.0592808723449707,0.2635609593338478,0.08186255418134845,0.6854000481875842,0.5432799921314602,1.6499621042863695,0.2681314552031547
AMDM,0.3,1.01,10,3,3258066,0.05329084396362305,3.9947302174291788,18.093081510165913,3.961654296599242,17.84927062286339,9.536882112799406,0.1616568547657057
ALS,0.3,1.01,10,4,3688086,0.04978466033935547,0.28210381113226574,0.09299263442707364,0.8284451684450388,0.7911645327291493,1.9939370557467104,0.38787771007823524
Oracle-AMDM,0.3,1.01,10,4,3688086,0.07385802268981934,0.32048278929531554,0.11944117825885088,0.8327844865881575,0.7994826746395247,2.0043811111553245,0.19561015216341535
AMDM,0.3,1.01,10,4,3688086,0.06125521659851074,0.5738053309607991,0.3832365490788083,0.780475933390632,0.7022996847329431,1.878482661232789,0.6202440373751881
ALS,0.3,1.01,20,0,3718116,0.04527997970581055,0.41197916279836466,0.19930357129578474,0.7345824689553923,0.6253511729304978,1.7681226826642797,0.25943723086988885
Oracle-AMDM,0.3,1.01,20,0,3718116,0.059533119201660156,0.42000409819051365,0.20665786508027695,0.7260072834657301,0.6102548034278344,1.747482413377856,0.3198783013902092
AMDM,0.3,1.01,20,0,3718116,0.05388998985290527,7.784126233474568,71.65895384127717,7.767053529301517,71.2284737261836,18.695114712109483,0.14117275476603836
ALS,0.3,1.01,20,1,3848146,0.04283785820007324,0.35786970743321683,0.14775917129516364,0.7004668885397095,0.5637485509551241,1.6859723723394417,0.21587507036069456
Oracle-AMDM,0.3,1.01,20,1,3848146,0.06635117530822754,0.35008202035979025,0.14299513533192937,0.7091066450846226,0.5777325686898078,1.7067676320109295,0.17840663734090462
AMDM,0.3,1.01,20,1,3848146,0.05350303649902344,20.350943364795707,479.8474455964064,20.29750233035929,477.2446805650871,48.85459786375214,0.14878704192676792
ALS,0.3,1.01,20,2,4078176,0.045181989669799805,0.30849983053864133,0.10948421528726215,0.6025038644509805,0.41535818534281527,1.450304737377787,0.1636261638423499
Oracle-AMDM,0.3,1.01,20,2,4078176,0.07050490379333496,0.3202793329651357,0.12006019102189915,0.5726528027377717,0.3753763198244488,1.3784493705115954,0.14280266164775077
AMDM,0.3,1.01,20,2,4078176,0.05358266830444336,2.9142868804125746,9.920105434619877,2.909334121634942,9.8979801876829,7.00314356168796,0.18841950091381726
ALS,0.3,1.01,20,3,117530,0.04309511184692383,0.302516763234159,0.10579074789464513,0.8205430089051513,0.7863368090596667,1.9753115224802902,0.3838893828003826
Oracle-AMDM,0.3,1.01,20,3,117530,0.06516194343566895,0.36920803563544846,0.16229141671113076,0.7965395396342319,0.7390016007005341,1.9175274344851787,0.2536179950296627
AMDM,0.3,1.01,20,3,117530,0.05355405807495117,0.6626161443060942,0.5030208387554483,0.9297231714184399,0.9989498966324738,2.2381433676099327,0.5233747188315064
ALS,0.3,1.01,20,4,547560,0.04270792007446289,0.33055906781028443,0.12708468546406926,0.688342283780064,0.5391867705266017,1.6568464278340396,0.3972919870466093
Oracle-AMDM,0.3,1.01,20,4,547560,0.05803418159484863,0.3307017604023951,0.12698639660490596,0.6871719167972503,0.5372795141256655,1.6540293433683273,0.3991914222755323
AMDM,0.3,1.01,20,4,547560,0.052525997161865234,5.470351449611629,35.03753331950823,5.42214461677131,34.40155599126292,13.051153693716033,0.10382535171716352
ALS,0.3,1.01,50,0,577620,0.043289899826049805,0.2410767499852288,0.0672277142478857,0.44810687031262686,0.22784360520278302,1.0787937041382185,0.5164115881626758
Oracle-AMDM,0.3,1.01,50,0,577620,0.07281827926635742,0.2544326824781099,0.07440985393699188,0.44805691364973077,0.22874380019488907,1.078673436101769,0.42651067230098205
AMDM,0.3,1.01,50,0,577620,0.06224322319030762,0.4329039666083629,0.21446368756699563,0.4705423724363353,0.2551046394391495,1.1328059946066742,0.6635424737177347
ALS,0.3,1.01,50,1,707680,0.044474124908447266,0.26940060670224664,0.08537922105665922,0.422154495889594,0.20812636556592812,1.0162089534525798,0.30474106354016917
Oracle-AMDM,0.3,1.01,50,1,707680,0.07323169708251953,0.2548734268726973,0.07453604904728887,0.39725557137855555,0.1837015650222546,0.9562723419375516,0.4833694761610639
AMDM,0.3,1.01,50,1,707680,0.05572390556335449,2.0051078157213618,4.576242623002262,1.9231261507591142,4.207864890317444,4.629343124492781,0.23917639795151696
ALS,0.3,1.01,50,2,937740,0.045462846755981445,0.2275151179929781,0.0599222735099123,0.34589395847376664,0.1384007631175391,0.8326176259798561,0.7113686068107652
Oracle-AMDM,0.3,1.01,50,2,937740,0.058274030685424805,0.227724137041591,0.059811693329590784,0.34715536616084053,0.13948520268922168,0.8356540197880581,0.7078134176289993
AMDM,0.3,1.01,50,2,937740,0.051264047622680664,0.28590226502054494,0.09478729536053375,0.28595353937439527,0.094914871670272,0.6883322222365545,0.7962359784568329
ALS,0.3,1.01,50,3,1267800,0.037226200103759766,0.23941999382762416,0.06679992887152755,0.37294571169553015,0.16064594597141177,0.8976767532226365,0.7865269160241881
Oracle-AMDM,0.3,1.01,50,3,1267800,0.05353689193725586,0.32958955318767647,0.12482793161143599,0.4731438239489842,0.2597382273433187,1.1388526489791446,0.09622046247674715
AMDM,0.3,1.01,50,3,1267800,0.05713820457458496,0.35166323277508443,0.1416731758055732,0.3841160662582012,0.16996319798052362,0.9245636895828285,0.7858037007680003
ALS,0.3,1.01,50,4,1697860,0.05205512046813965,0.2867053706011991,0.09659938681818789,0.3278155551567074,0.12457961059474879,0.7889924262309176,0.7605945249306371
Oracle-AMDM,0.3,1.01,50,4,1697860,0.06546401977539062,0.3057694672640017,0.10729048921404034,0.38136565058630334,0.16748542423124896,0.9178777675555437,0.3683221641963128
AMDM,0.3,1.01,50,4,1697860,0.05334901809692383,0.44888427989479424,0.23434483779613544,0.49340251129609747,0.28531496518230803,1.1875301167750898,0.561664650421146
ALS,0.3,1.05,5,0,1727915,0.044199228286743164,0.20618676264925162,0.08879683600597148,0.8365693302532924,1.498551173712242,2.6377022899171556,0.21549598796822905
Oracle-AMDM,0.3,1.05,5,0,1727915,0.061901092529296875,0.20968021141520896,0.08602662198703595,0.8383495362231774,1.501747492735037,2.643315277620002,0.21815962464528232
AMDM,0.3,1.05,5,0,1727915,0.047647953033447266,1.4119192192685792,3.868909876405074,1.6309346034888927,5.219026373709068,5.142335228839032,0.22051613627011485
ALS,0.3,1.05,5,1,1857970,0.03685402870178223,0.20868109422713466,0.09135331011098331,0.8473020979310224,1.4313467638579336,2.675115772048554,0.3219281818264875
Oracle-AMDM,0.3,1.05,5,1,1857970,0.0552520751953125,0.24315891294492786,0.11559057938122494,0.8540318936515342,1.4611639692065876,2.6963631910252874,0.12102492879806521
AMDM,0.3,1.05,5,1,1857970,0.05500507354736328,1.2942916260492439,4.249390529339626,1.3471298516056973,4.394814109502955,4.253179971851318,0.09608050563938655
ALS,0.3,1.05,5,2,2088025,0.043434858322143555,0.205756760585351,0.09786503415133824,0.6299346000174656,0.7245922001640696,1.9894159495449921,0.2900595365688307
Oracle-AMDM,0.3,1.05,5,2,2088025,0.058261871337890625,0.19777795246194135,0.0832095966679424,0.6259286243463379,0.7046348575100776,1.9767645538391367,0.3056876589123668
AMDM,0.3,1.05,5,2,2088025,0.05379605293273926,0.38490780265276753,0.29652021741433104,0.5702387468640451,0.6244892782935854,1.8008886288011914,0.46586968258131317
ALS,0.3,1.05,5,3,2418080,0.04277300834655762,0.2262745934040434,0.10562740117360024,1.1010605838391958,2.4007687344518853,3.4711957229411077,0.1613227317803569
Oracle-AMDM,0.3,1.05,5,3,2418080,0.0591740608215332,0.30074954731225706,0.17496859256504302,1.0882431095041343,2.3460384799183323,3.4307874450099898,0.1458354501806664
AMDM,0.3,1.05,5,3,2418080,0.05419111251831055,259.760491326989,139044.71527490026,259.7630234953801,139047.91074335919,818.927050309432,0.03697275178542183
ALS,0.3,1.05,5,4,2848135,0.037513017654418945,0.22139172698965845,0.10593407528898596,1.336635301241603,3.358433717405053,4.222769938524313,0.13229280171902585
Oracle-AMDM,0.3,1.05,5,4,2848135,0.05919480323791504,0.3041942029991111,0.18843315222482282,1.3176095701119899,3.25227374879902,4.162662828231814,0.13299520350710314
AMDM,0.3,1.05,5,4,2848135,0.046855926513671875,0.48554916677923565,0.43625641848064334,1.3430491715500166,3.4845382643295695,4.243032981631736,0.08843372776307162
ALS,0.3,1.05,10,0,2878195,0.03775382041931152,0.2796744191547549,0.16860643726348915,0.6719405669260912,0.7907389269493219,2.1139208872054116,0.19032801504769567
Oracle-AMDM,0.3,1.05,10,0,2878195,0.059242963790893555,0.3260026310160021,0.21516748868143337,0.6686014102997383,0.7874872116452536,2.103415921014147,0.15479239368934122
AMDM,0.3,1.05,10,0,2878195,0.05004620552062988,7.464502239571579,80.29673158036326,7.510138399264766,81.46252574180858,23.626849173039194,0.1650453436867759
ALS,0.3,1.05,10,1,3008255,0.03664374351501465,0.2082104469833627,0.10158337419486363,0.6193027696664153,0.6975853039152864,1.949583078447105,0.40008245510871665
Oracle-AMDM,0.3,1.05,10,1,3008255,0.057868003845214844,0.24808484636879738,0.11379659874730293,0.6123756870221709,0.6906058693265676,1.927776421400346,0.3056512400835012
AMDM,0.3,1.05,10,1,3008255,0.04996919631958008,14.080959800055984,475.31795972966256,14.094880975528236,477.3915457179194,44.37109405697861,0.1398642849127087
ALS,0.3,1.05,10,2,3238315,0.0370020866394043,0.22894433564851122,0.1154763618198863,0.6589916416418293,0.8735099299928335,2.0567121641697423,0.3491982278849103
Oracle-AMDM,0.3,1.05,10,2,3238315,0.05905508995056152,0.27385633390085645,0.13797470969956202,0.6610684612327448,0.8741696490258265,2.0631939157512647,0.18516380390666723
AMDM,0.3,1.05,10,2,3238315,0.04933619499206543,7.809111686416101,126.99543787659123,7.7336701433043284,125.13774495390074,24.1367757226509,0.1795190047736241
ALS,0.3,1.05,10,3,3568375,0.038085222244262695,0.26770030137221656,0.15683618805798596,0.6567188731219856,0.858639146080441,2.071390940251562,0.2569134307383389
Oracle-AMDM,0.3,1.05,10,3,3568375,0.058232784271240234,0.2700901485238779,0.14760308176989348,0.669374297836337,0.8928767966950859,2.1113080694391586,0.28939450909059905
AMDM,0.3,1.05,10,3,3568375,0.053397417068481445,2.4854530940549515,13.473120258770164,2.5438464390830564,14.060579304672183,8.023677532302422,0.15866537238175688
ALS,0.3,1.05,10,4,3998435,0.04399228096008301,0.2634959935507026,0.14706471033913993,0.781009783165572,1.1897757165436789,2.471911154985362,0.24571228553365146
Oracle-AMDM,0.3,1.05,10,4,3998435,0.058510780334472656,0.27955949053896423,0.14421693274121783,0.7803912267640829,1.1918124726910182,2.469953411943231,0.27546892180072813
AMDM,0.3,1.05,10,4,3998435,0.054222822189331055,41.205826180790766,2936.8192103883534,41.35786151201039,2958.9330270957867,130.89843612907103,0.07572903756876584
ALS,0.3,1.05,20,0,4028505,0.04442882537841797,0.2374451703522735,0.12235615605969762,0.4157479916534905,0.3491859775607311,1.3091722511783974,0.3703341500811656
Oracle-AMDM,0.3,1.05,20,0,4028505,0.05733180046081543,0.2538246732777321,0.13208682658830265,0.4289234088271223,0.3746343348608494,1.350661063891158,0.2057892539839697
AMDM,0.3,1.05,20,0,4028505,0.04800724983215332,0.3403342374802059,0.23029282521601047,0.34690555762809194,0.25803726702586915,1.0923904358984615,0.6130531658164147
ALS,0.3,1.05,20,1,4158575,0.03956413269042969,0.2998842808077218,0.2046870719453176,0.42416738670703613,0.39959505353305486,1.3304360068061296,0.5303569715893734
Oracle-AMDM,0.3,1.05,20,1,4158575,0.0588071346282959,0.25630089489587243,0.13138031079802626,0.4396859806848672,0.41684386645211324,1.3791113572695337,0.5466886535071045
AMDM,0.3,1.05,20,1,4158575,0.053967952728271484,0.913265275067319,1.6256326890229609,0.8465497202968019,1.3746075794768855,2.6552730472237416,0.5386983662776652
ALS,0.3,1.05,20,2,97969,0.05181717872619629,0.33408404074102294,0.24582952661097981,0.6393781585077831,0.8346721051347189,2.0310358871502565,0.21400174642038788
Oracle-AMDM,0.3,1.05,20,2,97969,0.07027196884155273,0.3403458120881833,0.22359403165160124,0.6344046001499548,0.813750749978333,2.0152369810143935,0.24358661311486882
AMDM,0.3,1.05,20,2,97969,0.058014869689941406,9.490952320138142,154.97653252997955,9.49226256870166,155.43250207413675,30.15293167392653,0.10930966434224106
ALS,0.3,1.05,20,3,428039,0.042755126953125,0.24783719497639317,0.13580947603907115,0.4737300820262183,0.45457240484955663,1.493775225353321,0.3924214935296379
Oracle-AMDM,0.3,1.05,20,3,428039,0.05878901481628418,0.264768647390872,0.14522048247029826,0.4871340940336326,0.477702757463171,1.5360410256828552,0.21933165027486207
AMDM,0.3,1.05,20,3,428039,0.0526731014251709,0.42239203553158805,0.35303393308628267,0.4736470415475392,0.44514044273229264,1.4935133804453056,0.3855505670247902
ALS,0.3,1.05,20,4,858109,0.04306387901306152,0.2679763974397642,0.1611148808192723,0.5462487873962575,0.5926171678654747,1.7241887887863308,0.44134896780151356
Oracle-AMDM,0.3,1.05,20,4,858109,0.06897926330566406,0.2984355302309926,0.19093351679777357,0.534816448460901,0.5804816641959726,1.688103563378502,0.4784103998792305
AMDM,0.3,1.05,20,4,858109,0.06713604927062988,0.49342516233855127,0.4516780598570353,0.3963825189083571,0.32668682427420864,1.2511483978396425,0.678118965986687
ALS,0.3,1.05,50,0,888209,0.05428504943847656,0.21113962416090987,0.0994367876109233,0.3120403480543136,0.19498479128982887,0.9829883000239985,0.522804492283796
Oracle-AMDM,0.3,1.05,50,0,888209,0.07445001602172852,0.2194191397418522,0.0931615878615844,0.2743358088275398,0.1514338529615772,0.8642116060842028,0.6691928286386932
AMDM,0.3,1.05,50,0,888209,0.064910888671875,0.31386160422824166,0.2007724997975814,0.3145640306310725,0.2226117334357176,0.9909383951363673,0.6644309047401121
ALS,0.3,1.05,50,1,1018309,0.04515814781188965,0.20268985481897486,0.09400790775249923,0.36593034446771094,0.264383918449723,1.151750928068849,0.567819480254567
Oracle-AMDM,0.3,1.05,50,1,1018309,0.05993819236755371,0.212833468891301,0.09685802266936001,0.36077213597447105,0.2569606847352302,1.135515675898375,0.5023835965530626
AMDM,0.3,1.05,50,1,1018309,0.054080963134765625,0.3253289021440567,0.195340776711361,0.3166777805766925,0.1817409764528295,0.9967304794264538,0.8273121409446063
ALS,0.3,1.05,50,2,1248409,0.043212175369262695,0.2156581729465457,0.1091690222838089,0.3342673688997512,0.22825587522054375,1.0537107446239176,0.530587983269809
Oracle-AMDM,0.3,1.05,50,2,1248409,0.05979108810424805,0.21478606005236126,0.09470144517169884,0.3245963381323493,0.21033385671455238,1.0232247625050466,0.5899897631576575
AMDM,0.3,1.05,50,2,1248409,0.051505088806152344,0.4267573000782772,0.3464624529560263,0.44549254017097206,0.378968825542431,1.404325758069246,0.619510122878264
ALS,0.3,1.05,50,3,1578509,0.0395047664642334,0.15935805510093254,0.057775772409609065,0.26259954456123724,0.1312930787767126,0.829873998350227,0.8115524197337898
Oracle-AMDM,0.3,1.05,50,3,1578509,0.0585329532623291,0.16168442720563608,0.05640074371080991,0.2590311876231188,0.1296660377234623,0.818597182753593,0.8207726913269788
AMDM,0.3,1.05,50,3,1578509,0.053955793380737305,0.20568353822663962,0.08655490202358378,0.25828807070533005,0.13226466542435972,0.8162487650941587,0.8401246143505683
ALS,0.3,1.05,50,4,2008609,0.04567217826843262,0.22274363068412986,0.10518981308646476,0.3976047275546479,0.27841919020931677,1.256425927168492,0.6172195637979776
Oracle-AMDM,0.3,1.05,50,4,2008609,0.07387590408325195,0.23489729242275273,0.1111254031468763,0.4094012178524119,0.2962437428582474,1.2937026878118,0.524551889608824
AMDM,0.3,1.05,50,4,2008609,0.05319404602050781,0.3677909953882736,0.24639464854571905,0.367237464102784,0.2582199794883707,1.1604657574473365,0.7325615556012923
ALS,0.3,1.1,5,0,2038714,0.044261932373046875,0.18867067124784226,0.1699433165458307,0.6940855985497569,2.2872914394038104,2.9312012443770357,0.08088409235109126
Oracle-AMDM,0.3,1.1,5,0,2038714,0.07163786888122559,0.17819210376470196,0.1071037241351,0.7035786018573804,2.3725970549453863,2.971291260891312,0.17472567168923864
AMDM,0.3,1.1,5,0,2038714,0.056446075439453125,0.9992370479400614,5.826427080992794,0.9630539876157597,5.787755914136026,4.067084885207016,0.2536646075739918
ALS,0.3,1.1,5,1,2168819,0.04430985450744629,0.18984301975264523,0.19589532580736707,0.7208566083058445,1.0941400369777157,3.037254718159733,0.20000709288383867
Oracle-AMDM,0.3,1.1,5,1,2168819,0.0628969669342041,0.18662071242843253,0.13666493454311537,0.7211511897683525,1.1987199850777785,3.0384959066659847,0.17946503719400836
AMDM,0.3,1.1,5,1,2168819,0.05550527572631836,5.84546386926519,119.59968745575227,5.763207718226631,116.31063648476308,24.282679290486158,0.14954449658624158
ALS,0.3,1.1,5,2,2398924,0.04359602928161621,0.14684373308879703,0.11444063509711111,0.6583645836001701,1.5218476778666643,2.7724341427111696,0.385199233644304
Oracle-AMDM,0.3,1.1,5,2,2398924,0.0606226921081543,0.18696254090759712,0.13358167404870852,0.6636875745203807,1.5821045555788205,2.794849749710916,0.16733424939326574
AMDM,0.3,1.1,5,2,2398924,0.05260181427001953,3.6581624434364843,42.74096275781579,3.627679592954728,41.787496311280904,15.276494229574542,0.09425685752604876
ALS,0.3,1.1,5,3,2729029,0.03700685501098633,0.12138081472329154,0.08852597616450046,1.2191542387331948,4.942900108566627,5.019710779352301,0.305077316638555
Oracle-AMDM,0.3,1.1,5,3,2729029,0.05521202087402344,0.16081639706492265,0.09822388497834277,1.2213672159279458,4.9654104236435295,5.028822428334873,0.20760079298651662
AMDM,0.3,1.1,5,3,2729029,0.04704117774963379,9.869305946423383,340.028327354481,9.506964961369704,321.66965941300805,39.143705512683596,0.07146388584803345
ALS,0.3,1.1,5,4,3159134,0.03755688667297363,0.17009732995319174,0.13719475854310875,0.9475861932176719,2.84466892876056,3.9597008562494413,0.2032351877811771
Oracle-AMDM,0.3,1.1,5,4,3159134,0.05885505676269531,0.205582957341854,0.1517294012190106,0.9472099743740238,2.8427097477608188,3.9581287416618784,0.21378921719204258
AMDM,0.3,1.1,5,4,3159134,0.04792618751525879,0.7908864360547578,2.160821339785467,1.2715917433344683,5.0881874428765625,5.313630518173439,0.43277291470726154
ALS,0.3,1.1,10,0,3189244,0.03729987144470215,0.13664226984050928,0.08941895066889936,0.4090815699019955,0.6021358851103982,1.71335733295212,0.2861717689807342
Oracle-AMDM,0.3,1.1,10,0,3189244,0.057624101638793945,0.16203767579254347,0.08805788102098948,0.4159133298554813,0.6016364640086977,1.7419708097608595,0.09533612877433109
AMDM,0.3,1.1,10,0,3189244,0.04957103729248047,0.9318527491001571,3.1910519494845153,0.8663254400032918,2.7066688442940765,3.628432944823729,0.20378699393434344
ALS,0.3,1.1,10,1,3319354,0.04104900360107422,0.17178187311317233,0.12601286305818504,0.5011831274040637,0.8799976350040777,2.0807592636895937,0.2896948226283619
Oracle-AMDM,0.3,1.1,10,1,3319354,0.059065818786621094,0.1824712681048768,0.12393159366911893,0.4986551437576789,0.8473668301378009,2.070263847736714,0.2891340543350015
AMDM,0.3,1.1,10,1,3319354,0.05148887634277344,1474.835167740653,7602493.841223879,1474.9421375510003,7603501.689784043,6123.5092490276265,0.10723094777606441
ALS,0.3,1.1,10,2,3549464,0.03740501403808594,0.1800766227838917,0.1993777232261087,0.5106614115479745,0.9059159487985673,2.15020567463612,0.27023971729011165
Oracle-AMDM,0.3,1.1,10,2,3549464,0.05796933174133301,0.19780380514834053,0.1391759484935844,0.508277779409139,1.0006947096186005,2.1401690843724603,0.2276064056002419
AMDM,0.3,1.1,10,2,3549464,0.047940731048583984,0.5355255548903002,1.1453349070266834,0.6075342560632835,1.624479879960762,2.558101269025263,0.26659884659117894
ALS,0.3,1.1,10,3,3879574,0.038027048110961914,0.1553099513417404,0.11431030128433858,0.6884690647346037,1.361889241485903,2.919798502688366,0.40671824432142156
Oracle-AMDM,0.3,1.1,10,3,3879574,0.059973955154418945,0.19376727052686663,0.16248830923551602,0.6931899057951488,1.3844335670971668,2.939819597848717,0.20406343933631316
AMDM,0.3,1.1,10,3,3879574,0.04977607727050781,0.4359891572501696,0.5186861270285354,0.6359236372929739,1.2795421453336002,2.6969532533868112,0.5419386761342833
ALS,0.3,1.1,10,4,19008,0.03689289093017578,0.17135679805140305,0.13266628645310888,0.5617262306425261,1.007952219912686,2.395955265099013,0.16305440149871572
Oracle-AMDM,0.3,1.1,10,4,19008,0.05517911911010742,0.19569932700368556,0.152158152873852,0.5516915036701043,0.9915866540705589,2.353153708732482,0.14110569787362898
AMDM,0.3,1.1,10,4,19008,0.05014204978942871,0.4208593406696358,0.5919442644595345,0.6209986224328424,1.2138522715267797,2.6487723696564736,0.2238157672786246
ALS,0.3,1.1,20,0,49128,0.03822898864746094,0.13758391784837218,0.10331921860133034,0.2872658183836986,0.3067497865204939,1.2403320556581265,0.4109854659255259
Oracle-AMDM,0.3,1.1,20,0,49128,0.05920100212097168,0.14301021715762285,0.0835222807155092,0.27878418550423845,0.28569837308135315,1.2037107785291268,0.5063693367950348
AMDM,0.3,1.1,20,0,49128,0.04438495635986328,0.22936116965294462,0.16549435019162767,0.2953394919500625,0.27300350970035364,1.2751918805674207,0.5071377717267491
ALS,0.3,1.1,20,1,179248,0.03836393356323242,0.17179048794484825,0.1577301726437072,0.4656944428848532,0.846058225709985,1.9490044256373122,0.26813855507863177
Oracle-AMDM,0.3,1.1,20,1,179248,0.058194875717163086,0.20656855769667834,0.14148424339757504,0.45720543303912126,0.8235667236857303,1.9134765854163347,0.24300185780258204
AMDM,0.3,1.1,20,1,179248,0.05174612998962402,0.45704469393583447,0.8111775062499998,0.40585091004416135,0.6851231605410163,1.698549836508536,0.5270198441421486
ALS,0.3,1.1,20,2,409368,0.0395200252532959,0.1561346229889355,0.13006694960880313,0.36873118986744985,0.4407738592978341,1.5391991395747624,0.5047792056311577
Oracle-AMDM,0.3,1.1,20,2,409368,0.05780386924743652,0.16354637591875706,0.11122925989075295,0.3805985268028952,0.48188377285904044,1.5887371100584842,0.3146929425876426
AMDM,0.3,1.1,20,2,409368,0.04887580871582031,6.06280469091813,80.34095341286886,6.05575038330132,80.34169548428606,25.27859328311123,0.24677441535738326
ALS,0.3,1.1,20,3,739488,0.03772282600402832,0.19694998129383284,0.18619406716196002,0.35695911915132517,0.5049494449254581,1.4618529195522236,0.4606008844089288
Oracle-AMDM,0.3,1.1,20,3,739488,0.061263084411621094,0.22495499825166923,0.1661633068651388,0.3609700495191721,0.557176656693728,1.4782788628991763,0.3062140822812767
AMDM,0.3,1.1,20,3,739488,0.0500640869140625,50.138882367934166,20482.936576597116,50.1043587890075,20455.781399068048,205.1921333516962,0.11746296072879218
ALS,0.3,1.1,20,4,1169608,0.036604881286621094,0.19841058543355927,0.21774335035877226,0.39952231550683487,0.6872382330158775,1.6679249151009035,0.22096834187669212
Oracle-AMDM,0.3,1.1,20,4,1169608,0.0571901798248291,0.2716649553141474,0.24999115037240616,0.392604268799891,0.7136219518260545,1.6390434683869564,0.0847610829293978
AMDM,0.3,1.1,20,4,1169608,0.050568342208862305,1.6814576197261553,14.588565647385586,1.7221220367116958,14.987562214393424,7.189511424992256,0.19991370179304807
ALS,0.3,1.1,50,0,1199758,0.037188053131103516,0.11287941542835501,0.06376109103657343,0.1844191925376947,0.10905243858594647,0.7731593217562404,0.8170896338225384
Oracle-AMDM,0.3,1.1,50,0,1199758,0.05932116508483887,0.12180020244865893,0.054571805937522616,0.18023120832048706,0.11509044896353206,0.7556016099348947,0.8302998501696743
AMDM,0.3,1.1,50,0,1199758,0.05288100242614746,0.3141972562953308,0.35189987010088797,0.33082082141193675,0.3903731687167537,1.3869337479797026,0.6885476749273158
ALS,0.3,1.1,50,1,1329908,0.03801584243774414,0.14599115696030884,0.08694518887815243,0.20604823653919238,0.1536873271690715,0.8756403539705864,0.7099759583933025
Oracle-AMDM,0.3,1.1,50,1,1329908,0.05701899528503418,0.1521901181437425,0.08124284189415139,0.20445695654395277,0.15631777569832445,0.8688779132833889,0.6428088142763861
AMDM,0.3,1.1,50,1,1329908,0.053771018981933594,0.22652678249295524,0.1577685749366724,0.26009279237878985,0.23441679600742354,1.1053127588424758,0.6305207007812619
ALS,0.3,1.1,50,2,1560058,0.04542183876037598,0.1399981855732363,0.09114802040808288,0.237860288846868,0.21125523319358025,1.0101875321856417,0.45135601475256343
Oracle-AMDM,0.3,1.1,50,2,1560058,0.060629844665527344,0.16611670655244226,0.07954894222503209,0.2579635479964063,0.25781169030222856,1.0955656415271073,0.3503375552453213
AMDM,0.3,1.1,50,2,1560058,0.054376840591430664,0.2243683590634407,0.1709693787988906,0.18750842703304554,0.13051404078841167,0.796344257743963,0.7220064581026822
ALS,0.3,1.1,50,3,1890208,0.03681492805480957,0.14801298618318381,0.1162578206457778,0.26331920619206234,0.22470791906058685,1.1108249935905194,0.4034764850692639
Oracle-AMDM,0.3,1.1,50,3,1890208,0.05605006217956543,0.15880358124849087,0.08503109738498953,0.23305921307804728,0.19044818047421103,0.9831717276437598,0.5027423670872466
AMDM,0.3,1.1,50,3,1890208,0.05220198631286621,0.2021079736369449,0.14888306812579571,0.1968389596460702,0.14989077940303644,0.8303748110486354,0.767357922822935
ALS,0.3,1.1,50,4,2320358,0.04009294509887695,0.13149754989009305,0.09921305116637279,0.24020058889891532,0.23625658035855782,0.9878012798331074,0.45283728931889716
Oracle-AMDM,0.3,1.1,50,4,2320358,0.0567166805267334,0.1360793937366631,0.08610687645315722,0.2469229685714897,0.2250811483091295,1.0154464045787737,0.5441092356884006
AMDM,0.3,1.1,50,4,2320358,0.05083131790161133,0.21114227831793556,0.16647566004163092,0.2140645713620514,0.1552287302906471,0.8803194801797373,0.7533444156322973
ALS,0.3,1.2,5,0,2350553,0.03849315643310547,0.07326366315218111,0.09968311367264007,0.6856691385899103,2.6203388578864906,4.453377444623107,0.21703307611197445
Oracle-AMDM,0.3,1.2,5,0,2350553,0.058828115463256836,0.11435112463600092,0.1341450278987543,0.68116523760323,2.586989251772709,4.424124894175603,0.10710156704195377
AMDM,0.3,1.2,5,0,2350553,0.05034589767456055,1.0293880592298055,6.585839454966959,1.3357088117367584,9.28597974445738,8.675343777329433,0.2004469216059693
ALS,0.3,1.2,5,1,2480748,0.03869485855102539,0.08191895029846255,0.15461263578748333,0.43788638342157415,1.8851960875679366,2.913970601702805,0.2644842521289916
Oracle-AMDM,0.3,1.2,5,1,2480748,0.05838894844055176,0.13458225392637882,0.1161985576203532,0.4461565878204747,1.9126758822797008,2.969005728166804,0.1529931315042659
AMDM,0.3,1.2,5,1,2480748,0.05144500732421875,1.5937580618509768,34.906814972472844,1.4558542271350823,29.753515740811412,9.688167019690372,0.19071955783207128
ALS,0.3,1.2,5,2,2710943,0.0361790657043457,0.07958859488343065,0.12706022640915554,0.35882625878321855,1.2053678199374285,2.3618860873404617,0.2743569148999775
Oracle-AMDM,0.3,1.2,5,2,2710943,0.05392575263977051,0.09784107087763436,0.09885063750635174,0.3589178458843889,1.2123708485362807,2.362488937033702,0.18110432878250854
AMDM,0.3,1.2,5,2,2710943,0.04919600486755371,0.21194145913538265,0.35861370026664025,0.3002117780243235,0.8618821161252307,1.9760706035724325,0.47870295326004764
ALS,0.3,1.2,5,3,3041138,0.037240028381347656,0.0765937967245647,0.1174514556332806,0.33536715762498076,0.9846295587486499,2.360200579764655,0.3559761934847936
Oracle-AMDM,0.3,1.2,5,3,3041138,0.05896401405334473,0.09033700968555962,0.08269922657128269,0.3364086806452638,1.011465416608415,2.367530466369291,0.3755179452266529
AMDM,0.3,1.2,5,3,3041138,0.047904014587402344,0.2363742545570668,0.5531347861098592,0.395545685086983,1.2671365917548805,2.7837166938977735,0.4970184109828817
ALS,0.3,1.2,5,4,3471333,0.03713512420654297,0.0754860418382208,0.14172072335763014,0.4789528330396382,1.3538705236598703,3.046222571465227,0.2950528682415917
Oracle-AMDM,0.3,1.2,5,4,3471333,0.05460095405578613,0.08748511021010676,0.08926065437231782,0.4799810370084413,1.3674640155168938,3.052762125930246,0.27739376997888787
AMDM,0.3,1.2,5,4,3471333,0.04924917221069336,2.0604084996290255,34.4376720682028,2.22366355587742,38.19659632143031,14.142883490779614,0.1688250966540504
ALS,0.3,1.2,10,0,3501533,0.03615379333496094,0.08765017137425188,0.1664998539202966,0.3046930864931693,0.7541964327183376,2.0567320175627946,0.3490254350194371
Oracle-AMDM,0.3,1.2,10,0,3501533,0.05796504020690918,0.11947829050673178,0.15286151670331394,0.3058492760078533,0.7945942047222111,2.064536500495407,0.2354601046973041
AMDM,0.3,1.2,10,0,3501533,0.04631376266479492,0.22109771374088802,0.362046080405792,0.2844768862106748,0.6176872814297364,1.9202691037729847,0.3345235422938163
ALS,0.3,1.2,10,1,3631733,0.036760807037353516,0.09386940680042612,0.195078429956212,0.28187303804182906,0.8313682317183118,1.7893185271812628,0.32253333491486447
Oracle-AMDM,0.3,1.2,10,1,3631733,0.057692766189575195,0.1209423591670758,0.1425645969923857,0.27534025171959603,0.8705609587628543,1.7478486665599953,0.22155229426581355
AMDM,0.3,1.2,10,1,3631733,0.05031776428222656,0.24906421447843902,0.5620386070062882,0.2123917675631475,0.7854227737859742,1.3482542614278703,0.5402600902647822
ALS,0.3,1.2,10,2,3861933,0.03845691680908203,0.061948960933224925,0.1182615024759333,0.1747681934574009,0.31393994721742524,1.1032962612830712,0.4420647045513976
Oracle-AMDM,0.3,1.2,10,2,3861933,0.05819416046142578,0.09302854644581222,0.08241139659081792,0.17821500028379147,0.28918968718525195,1.125055650160937,0.43610276793346714
AMDM,0.3,1.2,10,2,3861933,0.052001237869262695,0.9296623112344877,9.602868966279452,0.917902528407015,9.06718822234673,5.794638073320727,0.18539918353109303
ALS,0.3,1.2,10,3,4192133,0.03682303428649902,0.083882658886843,0.1671707847224408,0.3132318393050647,0.8101881821420504,2.0981540008855974,0.3312051969651353
Oracle-AMDM,0.3,1.2,10,3,4192133,0.05583906173706055,0.12372783500874253,0.15680347611552747,0.3168059038574233,0.8191718717755578,2.1220945359748518,0.25485629506360513
AMDM,0.3,1.2,10,3,4192133,0.050969839096069336,0.2256931938834651,0.38098360400694437,0.24500957723080655,0.6421331459963842,1.6411735980052826,0.3227797358027577
ALS,0.3,1.2,10,4,331657,0.0390629768371582,0.10269050730777426,0.2458996123974322,0.31948689770864086,1.6896462295259413,2.1152668676313264,0.23383469590818887
Oracle-AMDM,0.3,1.2,10,4,331657,0.06049990653991699,0.1362381175626192,0.16248797010583205,0.3128091034398589,1.6892723599292876,2.0710543598041835,0.2629624665205641
AMDM,0.3,1.2,10,4,331657,0.0484158992767334,5.1727616762330735,863.2002940244009,5.16810222686031,872.2915753850082,34.21710088085915,0.1006532904374311
ALS,0.3,1.2,20,0,361867,0.03616809844970703,0.08762352729711778,0.2354973847810077,0.2534425090945662,0.5786097927460135,1.613581555725535,0.38639824141082524
Oracle-AMDM,0.3,1.2,20,0,361867,0.056616783142089844,0.1310326453465087,0.15002195897990386,0.23569832584003192,0.6109152457095008,1.5006104250213044,0.3554996973158041
AMDM,0.3,1.2,20,0,361867,0.051444053649902344,0.22743833418515275,0.6716169397862428,0.27394548715381484,0.9497146690570465,1.7441169870233078,0.44175183967927384
ALS,0.3,1.2,20,1,492077,0.03677797317504883,0.0817028455078939,0.18717983131092847,0.27396623398914466,0.6276368870436322,1.7981242622465816,0.3732719893052513
Oracle-AMDM,0.3,1.2,20,1,492077,0.055986881256103516,0.11885266423356777,0.1465322252917546,0.2755001968299976,0.6284540618320819,1.8081921299591832,0.3313017746900103
AMDM,0.3,1.2,20,1,492077,0.05217909812927246,0.5099287972151878,3.155930885144747,0.634552584092096,4.214681890383101,4.1647628633405676,0.10623534095368273
ALS,0.3,1.2,20,2,722287,0.039895057678222656,0.08782425337989162,0.21826411339244675,0.25585813988795697,0.6311334166761864,1.7356512355234808,0.35704349310997585
Oracle-AMDM,0.3,1.2,20,2,722287,0.059018850326538086,0.12567616119906203,0.15164895602289152,0.2624643837491567,0.6441933818170835,1.780465660129561,0.2278551074180469
AMDM,0.3,1.2,20,2,722287,0.0497591495513916,2.2872520776428025,83.34016388477403,2.208165744795531,79.17198470698112,14.979416347173204,0.13233638646716933
ALS,0.3,1.2,20,3,1052497,0.036911725997924805,0.09179428212512243,0.23233934866153497,0.24923536499406088,0.5404221963355861,1.6593769937478178,0.3778715901533989
Oracle-AMDM,0.3,1.2,20,3,1052497,0.05757498741149902,0.1515691987722608,0.1612702990999828,0.23368707038842196,0.6211081652679665,1.5558584486921219,0.23578115481342493
AMDM,0.3,1.2,20,3,1052497,0.0502779483795166,14.838828985986694,4236.800628314831,14.85285095318455,4225.945377525486,98.88837069276705,0.144619243274367
ALS,0.3,1.2,20,4,1482707,0.03640913963317871,0.07633639971902875,0.14526371848742903,0.2593987266996178,0.607708925655718,1.675088585932923,0.3987624032542681
Oracle-AMDM,0.3,1.2,20,4,1482707,0.058995962142944336,0.11085738860859776,0.1335183124673907,0.2710311988617336,0.6410600212479989,1.750206230467496,0.16621892050087977
AMDM,0.3,1.2,20,4,1482707,0.05397987365722656,24.42874980041666,2513.8936739390588,24.35352551732152,2495.5905598654012,157.26489154486498,0.12075327172014738
ALS,0.3,1.2,50,0,1512947,0.03740715980529785,0.0739044359867928,0.1455065399492085,0.15910110690247412,0.2664060655143421,1.0863260408462267,0.4600827669225378
Oracle-AMDM,0.3,1.2,50,0,1512947,0.05687904357910156,0.10162944603909266,0.09825342406974537,0.1536351376722564,0.20084167187585034,1.0490049635209162,0.48705528874383563
AMDM,0.3,1.2,50,0,1512947,0.04736685752868652,4.103200297363093,227.66164560775562,4.13522474796567,230.05630444399884,28.23489047892366,0.1265822305356801
ALS,0.3,1.2,50,1,1643187,0.04030489921569824,0.056556540178810594,0.08597993920091535,0.15512084792925224,0.15994978489602624,0.957413866130191,0.6721331826244528
Oracle-AMDM,0.3,1.2,50,1,1643187,0.0571439266204834,0.08666167036599905,0.06427319844111591,0.13644922925354835,0.1617008880889567,0.8421716735954554,0.6189694882494169
AMDM,0.3,1.2,50,1,1643187,0.046156883239746094,0.11229247236848178,0.07543613461431556,0.11068499747341648,0.10309062462644708,0.6831535075283091,0.8040945492007026
ALS,0.3,1.2,50,2,1873427,0.036628007888793945,0.06501454598502711,0.12811183094679673,0.1676049475112268,0.26572516008803404,1.126958995917742,0.4559998820211023
Oracle-AMDM,0.3,1.2,50,2,1873427,0.057367801666259766,0.10814198215240366,0.09596770937714011,0.16361103900601048,0.26095704855624213,1.1001043523904415,0.2973880866841828
AMDM,0.3,1.2,50,2,1873427,0.050176143646240234,8.66393383952447,453.44350306454123,8.66481714434592,453.3069769842562,58.26136861591645,0.197890098011927
ALS,0.3,1.2,50,3,2203667,0.03785395622253418,0.06876961901235856,0.13176475598999848,0.13629652155711847,0.15622619399902235,0.9317973756728578,0.5960745855588347
Oracle-AMDM,0.3,1.2,50,3,2203667,0.05760788917541504,0.09146752997566615,0.09788002119050558,0.12249464074283188,0.14539564232125815,0.8374401890390649,0.6699533815323103
AMDM,0.3,1.2,50,3,2203667,0.05135703086853027,1.91188853455249,44.73084892199407,1.9065762878898473,44.658172915705215,13.034395605109806,0.1608600566880862
ALS,0.3,1.2,50,4,2633907,0.03786301612854004,0.07143509282695011,0.1414252563270031,0.18164746482566937,0.25412927747456693,1.220436851956455,0.46512763073031727
Oracle-AMDM,0.3,1.2,50,4,2633907,0.06020307540893555,0.09177326166553826,0.1048402512056041,0.17869267872392508,0.22180134973339685,1.2005844975529496,0.4158435395361457
AMDM,0.3,1.2,50,4,2633907,0.054067373275756836,0.19681601726833378,0.30060397604136524,0.20402302575574824,0.27818776850873506,1.3707717832392743,0.6883578489304363
ALS,0.3,1.5,5,0,2664412,0.03806495666503906,0.018701109875115373,0.41943239319473447,0.0838054625950348,1.0146237604713746,1.3105330214489268,0.30504236110666805
Oracle-AMDM,0.3,1.5,5,0,2664412,0.06092691421508789,0.04766206400056345,0.11384898249404005,0.09282548476103501,1.1166695918100042,1.4515863196076189,0.16258926759469344
AMDM,0.3,1.5,5,0,2664412,0.047663211822509766,0.06584525389517143,0.48342164495623063,0.07881116859473825,0.8003192093494038,1.2324332532054105,0.37276224817221476
ALS,0.3,1.5,5,1,2794917,0.03796982765197754,0.021424915877930634,0.28069949041848613,0.44251316978328203,2.1907289116918296,5.445667477396422,0.4296270453314241
Oracle-AMDM,0.3,1.5,5,1,2794917,0.054872751235961914,0.05075623610573172,0.0943144680367256,0.42904932428253706,2.160910393231251,5.279978339601937,0.35066696012932574
AMDM,0.3,1.5,5,1,2794917,0.048191070556640625,0.2520145290161371,1.0882193752080584,0.33779380166882966,2.0064624340739194,4.156967171654874,0.32287941063698694
ALS,0.3,1.5,5,2,3025422,0.036392927169799805,0.020265142397735244,0.5815120009444797,0.4191052123127559,2.631112042070137,7.076700824065072,0.2950901565663102
Oracle-AMDM,0.3,1.5,5,2,3025422,0.05581212043762207,0.043901707406870556,0.07676765924834089,0.42358010166260057,2.976501802832778,7.152260497911395,0.2772928350469688
AMDM,0.3,1.5,5,2,3025422,0.048216819763183594,0.23555489759243578,0.847424271458417,0.3128584505191832,2.5562415191151406,5.2826965391034815,0.22475274400898942
ALS,0.3,1.5,5,3,3355927,0.03760385513305664,0.017093536623114962,0.7603037230873125,0.12434916702545538,2.1784315120426476,1.3652920266532615,0.39759478933146264
Oracle-AMDM,0.3,1.5,5,3,3355927,0.05263805389404297,0.06197641745098731,0.1316701442289543,0.12528379295774636,2.857407250217072,1.3755537546871857,0.33544247469991906
AMDM,0.3,1.5,5,3,3355927,0.051321983337402344,0.8531996400349442,165.43001367357562,0.9124261390448146,187.37915683628057,10.017985341975743,0.3784967660944877
ALS,0.3,1.5,5,4,3786432,0.03703784942626953,0.01883593026959592,0.1712827375546042,0.26534357134629577,1.313887473692252,3.228725626615083,0.4195300204356151
Oracle-AMDM,0.3,1.5,5,4,3786432,0.05849409103393555,0.03300976975422832,0.08584826335227697,0.2770201183718512,1.3388976672796449,3.3708069531778615,0.36264104978529343
AMDM,0.3,1.5,5,4,3786432,0.04643583297729492,0.15542660564579902,0.7869377819617968,0.20250607606454563,0.3636021169336418,2.4641130516840364,0.4672411837956849
ALS,0.3,1.5,10,0,3816942,0.036943912506103516,0.017465133757027317,0.5188960031514089,0.12394730110773541,1.0288067745720784,2.1090419949676025,0.24110012653936894
Oracle-AMDM,0.3,1.5,10,0,3816942,0.05508565902709961,0.10929875654378343,0.17143106967000227,0.10275424642964777,1.068168707028399,1.7484287188553567,0.2994902390559756
AMDM,0.3,1.5,10,0,3816942,0.04742574691772461,0.12412969378030832,0.5826608507713706,0.17135697596081925,1.3592576428640266,2.9157477024682645,0.35881164890295514
ALS,0.3,1.5,10,1,3947452,0.03564596176147461,0.014504232086144377,0.3739909441880356,0.21792713898093372,0.8555606171644998,3.2622949434301107,0.31580128076969716
Oracle-AMDM,0.3,1.5,10,1,3947452,0.05835413932800293,0.03953610566106851,0.12274420831225992,0.2165462601396774,0.7522869049097901,3.2416236581446456,0.3382466731165756
AMDM,0.3,1.5,10,1,3947452,0.05138564109802246,6.12392652725499,1053.0380568732426,6.115057391928137,1055.6401946872866,91.54032353087248,0.20389401829283943
ALS,0.3,1.5,10,2,4177962,0.03734016418457031,0.01661617701292504,0.27489320215978813,0.17733802017202963,0.7292251232325331,2.976886374650832,0.3409386178579573
Oracle-AMDM,0.3,1.5,10,2,4177962,0.0561830997467041,0.0551955519632346,0.10638185959066805,0.1864243078755158,0.7254853570607542,3.129413430238947,0.36505066415931203
AMDM,0.3,1.5,10,2,4177962,0.05178189277648926,14.378664378541181,13098.988529341781,14.42942863827435,13092.564633024198,242.21974208128887,0.18806407587671056
ALS,0.3,1.5,10,3,217796,0.03751182556152344,0.02513696957686923,0.7898083375205663,0.15388547629561394,1.8740683826539324,1.871575551330849,0.3883282609804084
Oracle-AMDM,0.3,1.5,10,3,217796,0.056958913803100586,0.08807944629883753,0.20926790178375973,0.1601156953628334,1.3435132302889286,1.9473483010817334,0.2849621157590277
AMDM,0.3,1.5,10,3,217796,0.04650068283081055,0.10532567463720849,0.8448846516914976,0.19941936721633374,0.8972392956841644,2.4253647655935198,0.31442243164836037
ALS,0.3,1.5,10,4,648306,0.036067962646484375,0.0214854399085388,0.45183580779814797,0.20452966262823938,1.491527171748112,2.5042972951550566,0.3271263032889201
Oracle-AMDM,0.3,1.5,10,4,648306,0.061712026596069336,0.052698065432175534,0.2557741443023181,0.20636943615673337,1.5953058257105064,2.5268238070159783,0.3436766347569613
AMDM,0.3,1.5,10,4,648306,0.05017495155334473,0.1491041285500507,0.6347917516914635,0.2091023394604581,1.4081305260391026,2.560285957510394,0.35451548530267474
ALS,0.3,1.5,20,0,678826,0.03656506538391113,0.01811655308141986,0.5198409423196941,0.10339823209669545,0.4712798381813611,1.0743420444836789,0.49552102080447646
Oracle-AMDM,0.3,1.5,20,0,678826,0.05672907829284668,0.05681068385007027,0.1485343119105522,0.1073598321674945,0.48371750527367907,1.1155043877189939,0.43049118677903797
AMDM,0.3,1.5,20,0,678826,0.05076193809509277,0.08065284506154739,0.2731106542859004,0.08749349378716821,0.33390027885433743,0.9090865200327779,0.6484386552195788
ALS,0.3,1.5,20,1,809346,0.039955854415893555,0.017396435113414547,0.43273906850174687,0.10855916891401647,0.5091338361508322,1.2814746357433735,0.43615533069993784
Oracle-AMDM,0.3,1.5,20,1,809346,0.05847501754760742,0.05346566317271744,0.12323453789636946,0.11003883039008905,0.6599459376959894,1.2989411350731117,0.3698265617593136
AMDM,0.3,1.5,20,1,809346,0.05198383331298828,0.11578074668896762,0.35997970804959517,0.16622625350103784,0.7065319833217387,1.9621993221497942,0.3958951104188972
ALS,0.3,1.5,20,2,1039866,0.041364192962646484,0.01280451726030973,0.22482645283459943,0.07486261834144708,0.30600724685787944,1.0946891868195165,0.44491394690710945
Oracle-AMDM,0.3,1.5,20,2,1039866,0.05883908271789551,0.049627230621379144,0.059784947885631615,0.0670627661219755,0.2777721057894394,0.9806347485349483,0.4714815532068036
AMDM,0.3,1.5,20,2,1039866,0.04413175582885742,0.12589826446797447,1.181932273520516,0.10711731593853607,0.9604343920058644,1.5663380479724036,0.18686098486860986
ALS,0.3,1.5,20,3,1370386,0.03910398483276367,0.016015484051858896,0.3238112498617121,0.08508422209216344,0.40735403929386604,1.1223718430921865,0.43095776281067905
Oracle-AMDM,0.3,1.5,20,3,1370386,0.058142900466918945,0.04383271679160609,0.12240073025464987,0.09429240392216943,0.3720862720808991,1.243839769318002,0.4865236734571038
AMDM,0.3,1.5,20,3,1370386,0.04775094985961914,1.6817454686936164,497.5048264166203,1.6956341545740958,496.0431021169913,22.36762568291348,0.18925935997373483
ALS,0.3,1.5,20,4,1800906,0.036245107650756836,0.025596507968963088,0.41940175154589143,0.11643028402480508,0.6621324342283743,1.7698985611367808,0.48382007221360707
Oracle-AMDM,0.3,1.5,20,4,1800906,0.057301998138427734,0.049369343123297875,0.15034266028009372,0.11321763855167966,0.7043438297959201,1.7210619835405612,0.34547042339920075
AMDM,0.3,1.5,20,4,1800906,0.04906797409057617,4.055336229864742,2522.3179837724297,4.047817402714341,2535.0319361068487,61.53232603368226,0.2834713812529987
ALS,0.3,1.5,50,0,1831456,0.036422014236450195,0.010732322455641503,0.14479699220508768,0.08010060217230128,0.16322419588405698,1.075480413990802,0.6850622333121937
Oracle-AMDM,0.3,1.5,50,0,1831456,0.05689501762390137,0.053432342391275534,0.058134842968949954,0.050632370576135594,0.08423741239866393,0.6798216416828413,0.7564131379946935
AMDM,0.3,1.5,50,0,1831456,0.049211740493774414,0.056483565441936875,0.08288166713147267,0.051045442528200036,0.07140465083337098,0.6853678021606195,0.8348845616500802
ALS,0.3,1.5,50,1,1962006,0.0363161563873291,0.011306617158687342,0.2716339391807185,0.08465789703068488,0.2843075985721916,0.9523999128626072,0.4587695151482585
Oracle-AMDM,0.3,1.5,50,1,1962006,0.05753326416015625,0.04010499097611961,0.1025532910628631,0.07713751744566864,0.2007600209253567,0.8677957694491801,0.5409063606596344
AMDM,0.3,1.5,50,1,1962006,0.051915884017944336,0.06120377296681935,0.1993081808436055,0.07680760380240984,0.23507796908399411,0.8640842465303202,0.6869728654198213
ALS,0.3,1.5,50,2,2192556,0.03977012634277344,0.01185731391816068,0.26948676307542896,0.13535584806060752,0.3257992669880737,1.7644924257017227,0.47864613431506636
Oracle-AMDM,0.3,1.5,50,2,2192556,0.057830095291137695,0.049205110544158374,0.10163494441517217,0.1304801888041357,0.257537011771201,1.7009335625154431,0.4054709860497109
AMDM,0.3,1.5,50,2,2192556,0.05256009101867676,0.09225801846361392,0.2110115288422482,0.07269630693273935,0.15699515656336122,0.9476656147274151,0.703926905762422
ALS,0.3,1.5,50,3,2523106,0.03701305389404297,0.01338280401128879,0.29388880393160566,0.07620520847028685,0.27951515061065363,1.0917039468908605,0.406385464722968
Oracle-AMDM,0.3,1.5,50,3,2523106,0.059031009674072266,0.0580620438956859,0.13024106938780167,0.07867694017156632,0.27241580350604677,1.127113590248692,0.41875635555003726
AMDM,0.3,1.5,50,3,2523106,0.05031585693359375,6.063998800020093,1623.5315639308856,6.0754842278564105,1624.5414206756202,87.03644073633289,0.3718830633385347
ALS,0.3,1.5,50,4,2953656,0.03793525695800781,0.012399913212661196,0.16172029279354527,0.051986148001760366,0.18877005640570296,0.7007178706647352,0.8186387168511567
Oracle-AMDM,0.3,1.5,50,4,2953656,0.057524919509887695,0.04237413241770962,0.07742183529353797,0.0498096677846616,0.12982379408472483,0.6713812369288076,0.8127069303112899
AMDM,0.3,1.5,50,4,2953656,0.05291128158569336,0.0673883223968282,0.14024228432303923,0.06482033543594963,0.1262494661968005,0.8737090392024133,0.8736220636552254
ALS,1.0,1.01,5,0,3053671,0.03673386573791504,0.30763289577547837,0.11054594883799126,5.386228126916846,33.099758143240244,12.96594209217177,0.16649296468436675
Oracle-AMDM,1.0,1.01,5,0,3053671,0.05461311340332031,0.3442514095843676,0.13799325560190737,5.385476889514228,33.09148255780772,12.964133683684366,0.0942393501123487
AMDM,1.0,1.01,5,0,3053671,0.049295902252197266,1.1534167342611583,1.5884332638716527,5.286996736233323,31.88362579220626,12.72706835065709,0.28596378720646587
ALS,1.0,1.01,5,1,3253686,0.039405107498168945,0.5644117667563908,0.37321819798684613,6.487249388320604,48.65263646689346,15.61273502607533,0.15991049345999803
Oracle-AMDM,1.0,1.01,5,1,3253686,0.0577239990234375,0.7851301192879799,0.6977818270932178,6.46772478145358,48.36957227727318,15.565745540199858,0.13243119528025044
AMDM,1.0,1.01,5,1,3253686,0.04653120040893555,2.0741335970917767,4.978510434356422,5.897505056425139,40.30315026999769,14.193408985736784,0.11325981060173917
ALS,1.0,1.01,5,2,3553701,0.03647613525390625,0.45940862281386213,0.2503839319109001,3.8536433982293317,17.291426143790243,9.277010226793246,0.1417362189380243
Oracle-AMDM,1.0,1.01,5,2,3553701,0.059240102767944336,0.7712229614767065,0.6917763577851547,3.8022505870042633,16.840232060476104,9.153290518960995,0.11208444544494083
AMDM,1.0,1.01,5,2,3553701,0.04605889320373535,0.8882412263526995,0.9163991518675544,3.740514106002173,16.242513891942053,9.00467013392854,0.20009833029012788
ALS,1.0,1.01,5,3,3953716,0.03806591033935547,0.4985106932228659,0.28122743060676736,5.500262166644847,35.24820087032794,13.238115100158803,0.19094058962831562
Oracle-AMDM,1.0,1.01,5,3,3953716,0.05686616897583008,0.6753763375046579,0.5218439963620768,5.484962376794246,35.0495232165875,13.201291331961215,0.0968343244432657
AMDM,1.0,1.01,5,3,3953716,0.05116701126098633,1.718212147191565,3.378267575134049,5.362391580558155,33.44691333323545,12.906286065061135,0.30839594567058637
ALS,1.0,1.01,5,4,163055,0.03772401809692383,0.25946254276995945,0.07857124853838805,3.240946211677411,12.136238137953109,7.801362495296489,0.14021608295319482
Oracle-AMDM,1.0,1.01,5,4,163055,0.05792093276977539,0.7368411827499777,0.6268586325569492,3.1796936611874074,11.685103591802262,7.65391995261799,0.12021488893861891
AMDM,1.0,1.01,5,4,163055,0.046681880950927734,1.0997386797600914,1.4123909105717714,3.2867147691020824,12.430368525618103,7.911533131905683,0.13307468220983967
ALS,1.0,1.01,10,0,263075,0.03664994239807129,0.6363396385201086,0.4725952705933162,2.246502037490263,5.738055176428466,5.407647639636452,0.11029533322840779
Oracle-AMDM,1.0,1.01,10,0,263075,0.05765390396118164,0.8699734294405949,0.8800916489965593,2.18535932174482,5.4238388367352846,5.26046848868799,0.12075667841575129
AMDM,1.0,1.01,10,0,263075,0.05074477195739746,1.2270489740589787,1.7288478471934694,2.1977459793397114,5.510399114170849,5.290284922676553,0.12823301646067922
ALS,1.0,1.01,10,1,463095,0.03772401809692383,1.103902213233542,1.4108602307527167,4.551241934235584,23.91163957138647,10.95546082964182,0.09557188533601121
Oracle-AMDM,1.0,1.01,10,1,463095,0.05632305145263672,1.3517110797778145,2.1262447124325754,4.486613381840485,23.227568797003915,10.799891078687702,0.09555106237350806
AMDM,1.0,1.01,10,1,463095,0.05107998847961426,3288.951488792949,12822524.293568019,3289.7858277906566,12828862.435693156,7918.9637235412565,0.06240556543551793
ALS,1.0,1.01,10,2,763115,0.03771519660949707,0.8392606489160229,0.8209908191940068,2.8654277835074167,9.388321972873019,6.896221793395516,0.13640267945606271
Oracle-AMDM,1.0,1.01,10,2,763115,0.06087899208068848,1.0334340835907492,1.2499127853154075,2.7925630383655693,8.895905022875427,6.720858293987289,0.134788381771187
AMDM,1.0,1.01,10,2,763115,0.04864001274108887,1.5017610547145774,2.649540798793924,2.974283138201966,10.108222765242969,7.158203851953442,0.11814944577368218
ALS,1.0,1.01,10,3,1163135,0.037162065505981445,0.7462622198965975,0.642163603178237,3.8787185102840716,17.417940428166364,9.33602856057157,0.14162158487457197
Oracle-AMDM,1.0,1.01,10,3,1163135,0.055436134338378906,0.9263005920808972,0.9907187634739947,3.8437153094498244,17.106691473956378,9.251776279352013,0.14898355265947552
AMDM,1.0,1.01,10,3,1163135,0.04993700981140137,9.070185683816586,96.5603829857177,9.364655525932266,103.7029501434152,22.540612632293048,0.1625210711421589
ALS,1.0,1.01,10,4,1663155,0.03661084175109863,0.9479624058356854,1.0693886263655772,3.5658945575182672,14.306110576357417,8.583948570434593,0.16340092045866011
Oracle-AMDM,1.0,1.01,10,4,1663155,0.05890011787414551,1.1554907436084643,1.5802899536198605,3.5151326196682313,13.88468856386493,8.46175262301893,0.19579698894365968
AMDM,1.0,1.01,10,4,1663155,0.04985308647155762,4.772176369607923,25.44688345831207,4.661057115552125,24.945799962103045,11.22026294338982,0.1699837733199702
ALS,1.0,1.01,20,0,1763185,0.036355018615722656,0.65850133679998,0.5073693365606068,2.0454208530909317,4.7859048289926065,4.923560222470655,0.1897635919649221
Oracle-AMDM,1.0,1.01,20,0,1763185,0.05892300605773926,0.6460799952349374,0.4844534476373271,2.059748429246761,4.855917629780174,4.958048324974676,0.17793697966560532
AMDM,1.0,1.01,20,0,1763185,0.050040245056152344,26.027302618342937,756.7679571055603,25.795036606221053,743.7844788787077,62.09158177870515,0.13216986506028378
ALS,1.0,1.01,20,1,1963215,0.03776216506958008,0.7262529507994692,0.6108951111201636,2.244442898103067,5.7535401928464145,5.402059800803511,0.17971143215673707
Oracle-AMDM,1.0,1.01,20,1,1963215,0.05853009223937988,0.8649077563032266,0.8765881286799737,2.2140036653318598,5.583101287512066,5.328796829462331,0.09851233327555087
AMDM,1.0,1.01,20,1,1963215,0.051355838775634766,1.614836677900768,2.9593745758635994,2.012203870056731,4.651047166376802,4.8430929771667355,0.10837419480886548
ALS,1.0,1.01,20,2,2263245,0.03818488121032715,0.6039629373981256,0.4221866869518142,2.7324383203089866,8.626106199500263,6.577024758913596,0.1728713425367849
Oracle-AMDM,1.0,1.01,20,2,2263245,0.05777096748352051,0.7498838324442161,0.6477977056440536,2.7022211434211134,8.439721276619435,6.504291508520028,0.13681511335406302
AMDM,1.0,1.01,20,2,2263245,0.04781079292297363,1.6667022519654913,3.2030806324978838,2.158752356026098,5.467527387971622,5.1961530433891605,0.1452657441638129
ALS,1.0,1.01,20,3,2663275,0.03649091720581055,0.9316986249114135,0.9959040697980717,1.9350634629677415,4.400534516924206,4.65842976610016,0.10173037862140158
Oracle-AMDM,1.0,1.01,20,3,2663275,0.055033206939697266,0.8751635902666631,0.893610202343518,1.9468596664878304,4.446502049249259,4.686827690331896,0.1279087201905867
AMDM,1.0,1.01,20,3,2663275,0.05224490165710449,1204.9030430533546,1645566.3984795467,1205.4540529220662,1647140.1234895,2901.9839138432667,0.13011592260056878
ALS,1.0,1.01,20,4,3163305,0.036881208419799805,0.8644179418354154,0.8617544463437102,2.3178437953526694,6.3244612022261935,5.580206548580907,0.15889207435348723
Oracle-AMDM,1.0,1.01,20,4,3163305,0.05601310729980469,0.9188055113885564,0.9651296677693498,2.289701830618739,6.180271359292422,5.512454797486603,0.12910590147819154
AMDM,1.0,1.01,20,4,3163305,0.047058820724487305,21.164864816947716,532.7987279385144,20.49282560242768,500.13400971983936,49.3364565182849,0.08182879248215247
ALS,1.0,1.01,50,0,3263365,0.039402008056640625,0.5946875213655753,0.4109281375731156,1.4830392171094626,2.5193447672810927,3.569134825089612,0.14625434891749006
Oracle-AMDM,1.0,1.01,50,0,3263365,0.0593569278717041,0.7053074613697526,0.5791936939347838,1.4415885603062206,2.3795784456848375,3.4693782030040285,0.10068214452003081
AMDM,1.0,1.01,50,0,3263365,0.04845309257507324,2.380234921447626,6.397157132970478,2.3998040404414813,6.513163893591937,5.775453592403723,0.15717451165193486
ALS,1.0,1.01,50,1,3463425,0.03644967079162598,0.7461535514096101,0.6570988300524344,1.7583291728038561,3.566556291558094,4.232043022844798,0.158211523971304
Oracle-AMDM,1.0,1.01,50,1,3463425,0.058196067810058594,0.697899710323261,0.5710816432524041,1.7706426055147313,3.627089810048906,4.261679667562596,0.14314534685607944
AMDM,1.0,1.01,50,1,3463425,0.05296778678894043,16.7842117851249,325.0334775080156,16.823119472990804,326.42777106991656,40.490805981808734,0.07276879333154607
ALS,1.0,1.01,50,2,3763485,0.043786048889160156,0.6145706331567434,0.44284264346139685,1.456255714631917,2.435140479348116,3.5054812974145433,0.20984113135541996
Oracle-AMDM,1.0,1.01,50,2,3763485,0.05688881874084473,0.6955869845796342,0.560643999760727,1.4165410121995516,2.307549708276449,3.4098805418534024,0.173779800970408
AMDM,1.0,1.01,50,2,3763485,0.04484200477600098,2.9019181271141536,9.681985838855102,2.9162155114964143,9.829622237028579,7.019879017171626,0.19808693552393172
ALS,1.0,1.01,50,3,4163545,0.03760886192321777,0.7085265710037169,0.6009230602418948,1.4034164373583458,2.2777413170735668,3.3782844719766185,0.10226845229725408
Oracle-AMDM,1.0,1.01,50,3,4163545,0.05619311332702637,0.6735009264241226,0.5221897379269438,1.4173567275098415,2.345805938173594,3.411841343978412,0.12261477791979329
AMDM,1.0,1.01,50,3,4163545,0.051878929138183594,555.8050702614345,361600.68588229764,555.8068182358894,361599.4065505622,1337.9304199966373,0.08931211740943767
ALS,1.0,1.01,50,4,372929,0.0434260368347168,0.6510210809882138,0.49883855424661905,1.7198998875175833,3.3269993915319387,4.13997524040521,0.09558461154014675
Oracle-AMDM,1.0,1.01,50,4,372929,0.053627967834472656,0.6985448804375927,0.5681179134952068,1.705821595609828,3.2756628200484115,4.106087349401608,0.1576682664212266
AMDM,1.0,1.01,50,4,372929,0.04843878746032715,1.3312339666706472,2.0081051762903845,1.4961600159435262,2.542523239644257,3.6014104464130554,0.1550768327519344
ALS,1.0,1.05,5,0,472984,0.037017107009887695,0.2134345111643739,0.0979834118168966,2.6040534632652457,14.363668866688714,8.249136170021037,0.15241272255808846
Oracle-AMDM,1.0,1.05,5,0,472984,0.054007768630981445,0.22500166164242572,0.10438629555128769,2.6041109859126017,14.349543437260355,8.249318390608131,0.15031982754392326
AMDM,1.0,1.05,5,0,472984,0.049751996994018555,3.578200024429244,29.98895409427281,3.2476515896103235,24.048384446798647,10.287930172481259,0.1393168661803373
ALS,1.0,1.05,5,1,673039,0.03788304328918457,0.6060717734384714,0.7389117756700873,8.909946472599431,124.63533054003547,28.108720060896843,0.15342711470273585
Oracle-AMDM,1.0,1.05,5,1,673039,0.054414987564086914,0.6574278376338965,0.8438485951654753,8.91195102043179,124.45386209558804,28.11504392311551,0.19341986656923918
AMDM,1.0,1.05,5,1,673039,0.05032229423522949,3.00227440289527,13.506965389730542,7.999421672704247,111.39943598259524,25.236235160177678,0.14656248132107325
ALS,1.0,1.05,5,2,973094,0.04037833213806152,0.4217198807868331,0.3904821544984348,4.777428388848967,44.562205502797944,15.115375800783413,0.08621989705114677
Oracle-AMDM,1.0,1.05,5,2,973094,0.057102203369140625,0.7112232903817733,1.069741970104424,4.741728294895133,43.90909648554401,15.002423749530275,0.07413536486352315
AMDM,1.0,1.05,5,2,973094,0.053221702575683594,4.405802310517048,31.312900110058806,5.563954265624928,57.97875287533327,17.60387656664705,0.09274309664967174
ALS,1.0,1.05,5,3,1373149,0.043111324310302734,0.35503368239312655,0.2479083181047114,4.032948990141814,35.98323638010005,12.7291331423788,0.14093220538458845
Oracle-AMDM,1.0,1.05,5,3,1373149,0.06974077224731445,0.3819328617772281,0.27860460305568774,4.028623412996126,35.90348479504745,12.715480391615106,0.105607632013714
AMDM,1.0,1.05,5,3,1373149,0.053611040115356445,3.003156780466038,20.228285026041085,4.579696746584426,47.0015144087373,14.454824442731738,0.2896920224018077
ALS,1.0,1.05,5,4,1873204,0.04394388198852539,0.21992594795182738,0.10183137100959133,4.1370396908231335,32.567679631775974,12.952170306430855,0.18684931595328896
Oracle-AMDM,1.0,1.05,5,4,1873204,0.05577397346496582,1.0404524284047791,2.2065607491567154,3.996764556183644,30.316683733615786,12.512999409028444,0.10428679117861403
AMDM,1.0,1.05,5,4,1873204,0.04423117637634277,1.3555559959376176,3.445002787303373,4.111463260482276,32.414073385671145,12.872096073075014,0.18738129430367761
ALS,1.0,1.05,10,0,1973264,0.03601408004760742,0.8384441264338445,1.6354851273223046,2.8017674091203784,16.481359065780357,8.79977329416976,0.17678855720441933
Oracle-AMDM,1.0,1.05,10,0,1973264,0.05586504936218262,1.0231631964619543,1.9451421987577835,2.7566972383882935,16.36493610391223,8.658217188020183,0.11491807118970918
AMDM,1.0,1.05,10,0,1973264,0.04863309860229492,35.977379541475386,2860.9389861270415,35.804984450332995,2852.1684676895297,112.45606788720647,0.1345532446974252
ALS,1.0,1.05,10,1,2173324,0.03864908218383789,0.6202328787175695,0.9142494035184254,3.4439339065620875,18.61541256258343,10.824004776680576,0.16198331713554823
Oracle-AMDM,1.0,1.05,10,1,2173324,0.061842918395996094,0.655092711628457,0.9088747273431325,3.446475088992416,18.732217441631548,10.831991506830038,0.11603203861213429
AMDM,1.0,1.05,10,1,2173324,0.04764699935913086,1.5727128472624263,4.572292749128412,3.6744282417150025,21.034497811549965,11.548429766352772,0.17039875221246123
ALS,1.0,1.05,10,2,2473384,0.036875009536743164,0.5797340836117422,0.7207153096129665,2.3817086980478837,11.454699161208685,7.492258153983626,0.0955978086714685
Oracle-AMDM,1.0,1.05,10,2,2473384,0.05658602714538574,0.6419776610608465,0.7802515470032355,2.371712455406989,11.397476185574588,7.460812482018441,0.09794004362015729
AMDM,1.0,1.05,10,2,2473384,0.047666072845458984,4.190854391348411,35.17607617101213,4.940672656726959,48.08942867535198,15.542116896523293,0.2320025476962171
ALS,1.0,1.05,10,3,2873444,0.03703880310058594,0.4612240948680231,0.4895791510596605,2.203903491504977,10.236550235267032,6.924603548231372,0.1458661779057009
Oracle-AMDM,1.0,1.05,10,3,2873444,0.06562304496765137,0.7567627149152245,1.2109683444533184,2.1302988285163904,9.57461389938143,6.693339741779894,0.12589983314872516
AMDM,1.0,1.05,10,3,2873444,0.05871295928955078,1.0984759178872046,2.398530008433691,1.9701751204235667,8.729961962513263,6.1902354990172626,0.11453807370087961
ALS,1.0,1.05,10,4,3373504,0.04401087760925293,0.42042920090305036,0.40894630539453813,3.2104790905145126,21.081583203368208,10.142266999869106,0.10727319415919774
Oracle-AMDM,1.0,1.05,10,4,3373504,0.05876421928405762,0.5001425377968285,0.5012974893270643,3.199506968491189,21.022214526519985,10.107604823920202,0.10784695275081306
AMDM,1.0,1.05,10,4,3373504,0.04771685600280762,1.5611472654303318,4.537024409913495,2.9495533469509296,17.287600421229328,9.31797302886021,0.12482514487480074
ALS,1.0,1.05,20,0,3473574,0.03761410713195801,0.7702848977298213,1.3116003489267722,1.7533174223303982,5.675028400989818,5.534821418903945,0.14490542516370503
Oracle-AMDM,1.0,1.05,20,0,3473574,0.05625200271606445,0.8070548897058418,1.2957578385720931,1.7520124779740407,5.848205441092082,5.530702008532465,0.16852689298925735
AMDM,1.0,1.05,20,0,3473574,0.047951698303222656,13.125181420152156,415.09742408828134,12.92982395967639,406.55539575224964,40.81649203003734,0.13023234813693332
ALS,1.0,1.05,20,1,3673644,0.03660082817077637,0.6908596952055231,0.9836067387696633,1.6694371410343805,5.869244619653288,5.264789641777755,0.26600210821897047
Oracle-AMDM,1.0,1.05,20,1,3673644,0.05671405792236328,0.7135315390664547,1.0513285212048786,1.6744301519139533,5.868802152826113,5.28053575842625,0.18361865907233443
AMDM,1.0,1.05,20,1,3673644,0.04770684242248535,16.184666770894953,614.6410823680525,16.260236199821158,619.2751090380582,51.2787939201091,0.15949856626272094
ALS,1.0,1.05,20,2,3973714,0.03731107711791992,0.48120159294449955,0.4826100057910024,1.32871236334106,3.9367138439784566,4.182938109233651,0.12119362689690745
Oracle-AMDM,1.0,1.05,20,2,3973714,0.05650138854980469,0.5932363126446321,0.6303682025622035,1.3046036879436524,3.898671821547034,4.107041248584756,0.06711428745644676
AMDM,1.0,1.05,20,2,3973714,0.048155784606933594,0.906788284915767,1.7375249304733624,1.2782942501907104,3.790639523984345,4.024216136961223,0.19377626301258716
ALS,1.0,1.05,20,3,83108,0.0367579460144043,0.6352778542470061,0.8844225814315655,1.6809680656948014,5.4671753393136004,5.310454721308937,0.1632374869658188
Oracle-AMDM,1.0,1.05,20,3,83108,0.05651092529296875,0.7596040864701399,1.1672990325086345,1.6314333623022255,5.177454643747259,5.153966442401025,0.10361130455314245
AMDM,1.0,1.05,20,3,83108,0.0489201545715332,44.36219515715233,3140.5086385675895,44.36288537156257,3132.016457764031,140.14965476154092,0.16914198821431842
ALS,1.0,1.05,20,4,583178,0.0367889404296875,0.5554286873430164,0.6545339008024464,1.4394921398692933,4.163858798267559,4.541997050626677,0.10831689535057613
Oracle-AMDM,1.0,1.05,20,4,583178,0.056619882583618164,0.5710339402384493,0.6502363585986181,1.426590381982494,4.092103679957023,4.501288425239489,0.17360883984490355
AMDM,1.0,1.05,20,4,583178,0.04738593101501465,1.0874041871114886,2.5090497296599827,1.4786124496225082,4.6051580550375295,4.66543248080196,0.17469806515991163
ALS,1.0,1.05,50,0,683278,0.03600597381591797,0.5161315762069754,0.5583621807564751,1.1847491241658255,2.6814478309946477,3.716047809379247,0.14971400480811978
Oracle-AMDM,1.0,1.05,50,0,683278,0.06009697914123535,0.5617309210067221,0.6475186025989024,1.1576947095484862,2.578180654567301,3.6311897612725748,0.18621074679216382
AMDM,1.0,1.05,50,0,683278,0.05051231384277344,13.804305772106101,417.1862163873902,13.855870739299261,420.0852381389719,43.45989970160828,0.1286284286346561
ALS,1.0,1.05,50,1,883378,0.03709673881530762,0.4639128904694448,0.49512948683723507,0.9138201827669413,1.827195762912581,2.874478260981718,0.2856943998592873
Oracle-AMDM,1.0,1.05,50,1,883378,0.058940887451171875,0.4497568735647014,0.40111637536208833,0.9429549672598168,2.0141662709993593,2.9661235389504976,0.18647944660391283
AMDM,1.0,1.05,50,1,883378,0.04832315444946289,396.16757419111366,304767.6781599925,396.08694531123047,304584.0778766709,1245.916138893332,0.09465279010714288
ALS,1.0,1.05,50,2,1183478,0.03961896896362305,0.4924045089147059,0.5624848954399567,0.8559151935153457,1.3806209337343656,2.687624784048898,0.12009615607403964
Oracle-AMDM,1.0,1.05,50,2,1183478,0.05920219421386719,0.5031103342064812,0.5282411785352691,0.8619156944220655,1.4490219808041702,2.706466714973587,0.10539992912478255
AMDM,1.0,1.05,50,2,1183478,0.052674055099487305,27.142018570258347,1177.6983808795317,27.251886659800697,1186.015850973633,85.5725503576526,0.12466027333339183
ALS,1.0,1.05,50,3,1583578,0.036531925201416016,0.4363223615836025,0.39428228238694113,1.0121515957835225,2.0764257388930845,3.2090652954126853,0.16171271030091777
Oracle-AMDM,1.0,1.05,50,3,1583578,0.05719184875488281,0.4656994617041349,0.4137090142734838,1.0060830635095013,2.0611568238519804,3.189824782039214,0.21964317985157877
AMDM,1.0,1.05,50,3,1583578,0.05317497253417969,4.359692096278693,37.1331515906412,4.120941729133491,32.92689453487248,13.065603159122654,0.1282269433574135
ALS,1.0,1.05,50,4,2083678,0.041127920150756836,0.5162520713021214,0.6198395194973395,0.9808846405699148,1.763053427053442,3.080890901475468,0.1164990506808075
Oracle-AMDM,1.0,1.05,50,4,2083678,0.05717182159423828,0.5942008392008515,0.6615230968601881,0.9330208454095695,1.7245276257959967,2.9305540270659414,0.1332466729043146
AMDM,1.0,1.05,50,4,2083678,0.04991793632507324,0.8233953754742316,1.271463072775976,0.8465812611790418,1.4525587739388333,2.6590532638075595,0.14360086722225168
ALS,1.0,1.1,5,0,2183783,0.036828041076660156,0.1535794075435509,0.10738750432977943,1.6942224054657111,8.961446385004123,7.054759728020631,0.1876880824309225
Oracle-AMDM,1.0,1.1,5,0,2183783,0.055236101150512695,0.3508529616803061,0.5514452268625099,1.6687771917664753,8.392761190308452,6.948805593370344,0.16369681085655485
AMDM,1.0,1.1,5,0,2183783,0.048902273178100586,0.8361829416388911,2.107056017528291,1.5207019553612313,6.585872847863989,6.332218767969638,0.19015828917198213
ALS,1.0,1.1,5,1,2383888,0.037149906158447266,0.32797372173510797,0.5275812904984423,2.640531839956633,28.816235945188684,11.265167715920487,0.10417849059602655
Oracle-AMDM,1.0,1.1,5,1,2383888,0.05656290054321289,0.19314899605968766,0.13212420944910838,2.6570065820542443,29.319739672347772,11.33545307661857,0.11645703085405854
AMDM,1.0,1.1,5,1,2383888,0.04871010780334473,1.1363472458619415,4.9412306715970615,2.3481172399527854,23.30389298493314,10.017654066669719,0.20039958928528132
ALS,1.0,1.1,5,2,2683993,0.03699779510498047,0.2022342260951882,0.17975387942877474,3.0079747865774866,47.19392063957962,12.679103577535617,0.09292230623618647
Oracle-AMDM,1.0,1.1,5,2,2683993,0.056704044342041016,0.5833199247009014,1.246856820444113,2.959673639340079,46.221075748735764,12.47550637603324,0.09451409752675781
AMDM,1.0,1.1,5,2,2683993,0.047525882720947266,1.5992456261588628,16.76635921228568,3.061661135040492,47.080741904640746,12.90540027919003,0.14117054412115823
ALS,1.0,1.1,5,3,3084098,0.03622293472290039,0.15606024879702973,0.12346743662269645,1.963323195982005,9.11369652861318,8.163253210882917,0.17004270463250848
Oracle-AMDM,1.0,1.1,5,3,3084098,0.055322885513305664,0.1644084301398597,0.11180304073747041,1.9628076689871845,9.144085627404753,8.161109713875202,0.21379302619639756
AMDM,1.0,1.1,5,3,3084098,0.04872584342956543,1.0359934818001675,4.295442301047498,1.9966654191496676,11.980257215588775,8.30188602023821,0.12187689871484705
ALS,1.0,1.1,5,4,3584203,0.036802053451538086,0.20677059245292548,0.19870564674401558,1.7587355764424668,13.606304489069796,7.428124330916463,0.1430061373721744
Oracle-AMDM,1.0,1.1,5,4,3584203,0.055190086364746094,0.35819402395261124,0.4648256605406511,1.73894183599287,13.407071145003416,7.344524290635873,0.11278292969571577
AMDM,1.0,1.1,5,4,3584203,0.04790210723876953,2.9846617159723587,31.179650652791985,3.707696357808806,51.37390895891929,15.659676130962085,0.1250602114253033
ALS,1.0,1.1,10,0,3684313,0.03632688522338867,0.5513761060472429,1.3280614758697842,3.3610606602777935,35.31859719585908,14.286888930252688,0.21932598812377693
Oracle-AMDM,1.0,1.1,10,0,3684313,0.05680370330810547,0.5789966318508482,1.1485712088052205,3.3711506232321913,35.52335269500922,14.329778420985038,0.11651498145122108
AMDM,1.0,1.1,10,0,3684313,0.05029106140136719,2.177552347478885,12.696712267632757,3.825659749384058,39.36407728398667,16.261764201503865,0.11384305574636873
ALS,1.0,1.1,10,1,3884423,0.0381927490234375,0.4044473346716692,0.7493295586988395,1.5841894414474484,8.060985272047278,6.5099514210333735,0.16653165733602723
Oracle-AMDM,1.0,1.1,10,1,3884423,0.05698680877685547,0.4374073201542483,0.6219825639318183,1.57728093768589,8.236662689287527,6.481562124461191,0.10937185280499542
AMDM,1.0,1.1,10,1,3884423,0.05329704284667969,1.1697180772604154,4.468368796318562,1.2466944587408295,5.882038427975054,5.123074394346998,0.13084602538882462
ALS,1.0,1.1,10,2,4184533,0.0385899543762207,0.3374342798221899,0.4857466547594187,1.6458038760816587,9.47827791826869,6.978321513302536,0.11869969284922899
Oracle-AMDM,1.0,1.1,10,2,4184533,0.059400081634521484,0.3536294967388763,0.4217925187109498,1.654088682195354,9.530705851964042,7.0134496604511405,0.13447381229505187
AMDM,1.0,1.1,10,2,4184533,0.051871299743652344,2.755409275909149,19.754648154791585,3.3848679995089683,30.626458426327687,14.352072883009045,0.16560845723537349
ALS,1.0,1.1,10,3,293967,0.036344051361083984,0.3207899065992706,0.46036075453751724,1.7964520642780892,10.063189464139583,7.554631328475135,0.145023071675288
Oracle-AMDM,1.0,1.1,10,3,293967,0.057708024978637695,0.4049064091299096,0.573354676232843,1.7922684267436817,9.941272380797495,7.537037850857283,0.14141822332964857
AMDM,1.0,1.1,10,3,293967,0.051419973373413086,57.209597436559434,8994.027714959291,57.4377648125048,9063.442074206761,241.54339885740745,0.20589130896439395
ALS,1.0,1.1,10,4,794077,0.03831195831298828,0.3925146036417302,0.7328054369431207,1.9936344660734817,15.20865513773785,8.309999159060945,0.15808644848886538
Oracle-AMDM,1.0,1.1,10,4,794077,0.059233665466308594,0.40813906752581036,0.6595355211522449,1.9780425889419102,15.344406979316894,8.245008064626903,0.165099434682704
AMDM,1.0,1.1,10,4,794077,0.049726009368896484,68.24362222539122,18487.578162156187,68.63210764146945,18602.3459680605,286.07689448130253,0.10536059244853604
ALS,1.0,1.1,20,0,894197,0.036464691162109375,0.37269839110612263,0.6720958905246399,0.9209770658843414,3.0978031219991085,3.8486402037901493,0.17889551230049103
Oracle-AMDM,1.0,1.1,20,0,894197,0.0578770637512207,0.42973768879826607,0.675732189365071,0.8965114693700728,3.107426295295019,3.74640174222313,0.18205747604039382
AMDM,1.0,1.1,20,0,894197,0.049501895904541016,0.6984726351663774,1.9036449743373838,0.8250688116557541,3.2125609173364524,3.4478524135480173,0.13096678733964034
ALS,1.0,1.1,20,1,1094317,0.03706216812133789,0.39649791622317376,0.7111985665776259,0.9271999679227586,3.079488058735514,3.912710683751441,0.15736333095611796
Oracle-AMDM,1.0,1.1,20,1,1094317,0.05762219429016113,0.4512978270733775,0.6727276569544981,0.9243553336495617,3.2499733444699563,3.9007065516362958,0.18584604000645394
AMDM,1.0,1.1,20,1,1094317,0.0485079288482666,775191.0034331423,2827641377127.4937,775190.8489187865,2827640360770.712,3271244.199140827,0.0633714417200375
ALS,1.0,1.1,20,2,1394437,0.038149118423461914,0.46792166822299225,1.309300794685333,1.3754264273053376,6.598075754810115,5.561683324926844,0.20482420209687485
Oracle-AMDM,1.0,1.1,20,2,1394437,0.05665397644042969,0.6004904642935919,1.2106435271960514,1.3344347615236198,6.780117249492449,5.395929156246368,0.1331713468770328
AMDM,1.0,1.1,20,2,1394437,0.04703497886657715,0.968996410592371,4.866241459778445,1.2633524489445755,7.675405993264084,5.108500250766754,0.18164906285469518
ALS,1.0,1.1,20,3,1794557,0.03669881820678711,0.4392752606098688,0.7576119280869918,1.0805878450858684,4.20949805752632,4.587127244241603,0.2042919999110561
Oracle-AMDM,1.0,1.1,20,3,1794557,0.05689287185668945,0.46628075197821583,0.7791943598469911,1.0629247746420305,4.109794518179431,4.512146989727034,0.2031288444242235
AMDM,1.0,1.1,20,3,1794557,0.049275875091552734,0.8514174288286419,2.5764263437569648,1.116007831374332,4.60341391297753,4.737486129762441,0.15726736873032537
ALS,1.0,1.1,20,4,2294677,0.03662586212158203,0.3901826526289958,0.7263417110336072,0.9285980391049464,3.6856093793791387,3.864434049371859,0.11120974646370493
Oracle-AMDM,1.0,1.1,20,4,2294677,0.05914115905761719,0.4318243743516545,0.6258109641078372,0.9232384578777082,3.8529296069967915,3.842129728974115,0.12326529603081941
AMDM,1.0,1.1,20,4,2294677,0.05182790756225586,5.123498665356256,103.03402666728876,4.943957890720043,94.959413409686,20.574671070783914,0.13373770029560017
ALS,1.0,1.1,50,0,2394827,0.038691043853759766,0.28164119456846065,0.4351007228249561,0.7124972585450332,1.2692628670912238,2.9325004317229917,0.2154242904732327
Oracle-AMDM,1.0,1.1,50,0,2394827,0.05910134315490723,0.32370232236212454,0.3771615501280321,0.688455783637522,1.2896877576678312,2.833550387073693,0.1609825002254963
AMDM,1.0,1.1,50,0,2394827,0.0512850284576416,57.11072001712109,11342.343051076015,57.19306839204814,11365.943872469747,235.39556923171395,0.1471424624768815
ALS,1.0,1.1,50,1,2594977,0.03795218467712402,0.2961727144584975,0.44852949296462696,0.7510317595477783,1.8548825493370733,3.1731855388427817,0.18155561847761836
Oracle-AMDM,1.0,1.1,50,1,2594977,0.058135032653808594,0.30734636905216195,0.4212709450968929,0.7384405101050724,1.8310309853711977,3.119986229839372,0.18192261210738742
AMDM,1.0,1.1,50,1,2594977,0.05349588394165039,10.056440298738742,245.25419301665224,9.977709516294219,241.5006490641685,42.156837104922246,0.21542441780144736
ALS,1.0,1.1,50,2,2895127,0.039157867431640625,0.27667627459097516,0.41814633171105514,0.8462097384030672,2.192632988894158,3.5824962125636044,0.23131357409089412
Oracle-AMDM,1.0,1.1,50,2,2895127,0.05710291862487793,0.32252791663387514,0.4467153625945459,0.8388208090137856,2.211749798268845,3.551214592475001,0.07742920845085119
AMDM,1.0,1.1,50,2,2895127,0.04645228385925293,24.46955667822843,2150.4021055964995,24.46325681235561,2147.9992516468633,103.56714287243318,0.1335684493147307
ALS,1.0,1.1,50,3,3295277,0.039011240005493164,0.3292327582744269,0.5763417659494916,0.7344824832294138,1.910721358545228,3.0621949156605486,0.19582495324053187
Oracle-AMDM,1.0,1.1,50,3,3295277,0.05820012092590332,0.3928037556483509,0.5330627142070191,0.7117910106696097,2.0284719317017808,2.967589920322928,0.10163286951865005
AMDM,1.0,1.1,50,3,3295277,0.04606914520263672,9324.774132673088,283469687.69627947,9324.651422995594,283463510.3554689,38876.21669649168,0.11235924867646366
ALS,1.0,1.1,50,4,3795427,0.03699898719787598,0.3423754008379214,0.6025699717668662,0.7860625490665487,2.092915816247646,3.348879299666619,0.21300332739326663
Oracle-AMDM,1.0,1.1,50,4,3795427,0.056920766830444336,0.3698177898504208,0.5440869184828104,0.7811751042780231,2.1673657963136312,3.3280572127983494,0.17595753494554758
AMDM,1.0,1.1,50,4,3795427,0.05213212966918945,7.200662738442492,270.93403211098644,7.20094897363167,274.6010587689866,30.678358846108924,0.1348489099418441
ALS,1.0,1.2,5,0,3895622,0.04297900199890137,0.1023106614965726,0.26796328384077095,1.6319118368544092,37.015326753156664,10.253672165040763,0.17194277434434863
Oracle-AMDM,1.0,1.2,5,0,3895622,0.05937910079956055,0.23491700341546776,0.6321953089420224,1.6228892546935056,36.31321268997343,10.19698123513221,0.2628710954259791
AMDM,1.0,1.2,5,0,3895622,0.05191993713378906,0.5997584594867442,3.115440016388481,1.6464380082667813,34.68613130103308,10.344943394351013,0.11700224983426158
ALS,1.0,1.2,5,1,4095817,0.04268693923950195,0.13526525944098178,0.3395837177873975,1.095744686150304,14.141407657115053,7.449460308888892,0.11300410202749314
Oracle-AMDM,1.0,1.2,5,1,4095817,0.05893087387084961,0.2140905543184044,0.5645712041994064,1.0895001423661845,14.028365016796279,7.407006549673914,0.08518595494216355
AMDM,1.0,1.2,5,1,4095817,0.054789066314697266,4.685368471301586,195.9508149876412,4.938256516366001,212.14010896390482,33.57291746768673,0.10193302088744564
ALS,1.0,1.2,5,2,105336,0.0432131290435791,0.08846692541790724,0.1908920673874244,1.1073564380489596,9.312860760023673,6.711115577902923,0.25008220785697677
Oracle-AMDM,1.0,1.2,5,2,105336,0.05814504623413086,0.15767623415613932,0.21984834138667123,1.1003204375038318,9.22612565434967,6.668474011698878,0.2177921599958109
AMDM,1.0,1.2,5,2,105336,0.053572893142700195,0.4605145649582671,1.3253817803554404,1.2231138074963157,8.988538969070834,7.412661221800529,0.35774538276325
ALS,1.0,1.2,5,3,505531,0.04372715950012207,0.14851245952936554,0.4655131371000499,1.0767766542722852,9.627244791393862,7.206831413370555,0.1748472644879196
Oracle-AMDM,1.0,1.2,5,3,505531,0.06111311912536621,0.12543885421829795,0.1624135239742357,1.0888833636140587,9.936116375521552,7.287861228467918,0.12449456518737571
AMDM,1.0,1.2,5,3,505531,0.05359220504760742,0.5421917727325355,4.743456973581064,1.0206605008321443,12.797043824102058,6.831247808539108,0.39848906498003434
ALS,1.0,1.2,5,4,1005726,0.037052154541015625,0.07423130737724826,0.13074860986151457,1.1314791376526323,10.095222522465189,7.2916556174820535,0.27603270791974277
Oracle-AMDM,1.0,1.2,5,4,1005726,0.057721853256225586,0.1790391261640843,0.4132799003758857,1.1217712330896092,9.81216619163406,7.229094413757342,0.2861765588515012
AMDM,1.0,1.2,5,4,1005726,0.04783916473388672,0.25652068241507203,0.5369538457042464,1.1652759092475833,9.544319499361444,7.509454082564083,0.27515778787728384
ALS,1.0,1.2,10,0,1105926,0.03787112236022949,0.2237222735496955,1.4238887970770309,1.0063968567811359,5.937922210458638,6.768279619587363,0.19739560922276342
Oracle-AMDM,1.0,1.2,10,0,1105926,0.058210134506225586,0.3100011244495747,0.9284396898094239,0.9750276215926383,6.500676343357407,6.55731338516626,0.21670220394329903
AMDM,1.0,1.2,10,0,1105926,0.0499269962310791,0.5819998735492522,3.9297695364058614,0.9164786746449873,7.177680637546097,6.163556546893198,0.14848089154085062
ALS,1.0,1.2,10,1,1306126,0.03782391548156738,0.2306213365533921,1.0607707692432078,1.2109136804041214,8.538682266177057,8.162292269886207,0.20653165046401253
Oracle-AMDM,1.0,1.2,10,1,1306126,0.05842113494873047,0.31861090363890504,0.8176072640827255,1.2254764251899206,8.29736383215842,8.260453997775667,0.19425940119099136
AMDM,1.0,1.2,10,1,1306126,0.04684805870056152,14.296121419887413,2380.2892010395144,14.47503081766781,2468.4986213762427,97.57048257146145,0.10353746210385291
ALS,1.0,1.2,10,2,1606326,0.036965131759643555,0.24069895639286729,1.0352940154430614,0.892613932790971,11.549210625909978,5.883187307447751,0.18076973405028623
Oracle-AMDM,1.0,1.2,10,2,1606326,0.05882716178894043,0.26432673338266816,0.6300726537299831,0.8857407131831656,11.449312196112528,5.837886156667472,0.13761236435548796
AMDM,1.0,1.2,10,2,1606326,0.04690814018249512,16.83856699181591,2854.8227164416926,16.87121015245835,2812.662944321297,111.19755785110527,0.14223317566721622
ALS,1.0,1.2,10,3,2006526,0.03751707077026367,0.28168695551787415,2.1916565780449875,1.2777480012912774,19.171650616615732,9.101077338711278,0.1597560416639891
Oracle-AMDM,1.0,1.2,10,3,2006526,0.060888051986694336,0.40450036495501285,1.3563148307992627,1.2324293631243073,19.96420235151965,8.778284088065726,0.14551056871232101
AMDM,1.0,1.2,10,3,2006526,0.04726815223693848,1.0149216621062556,10.23575763767042,1.5795756731794868,27.450205388162097,11.250919860117472,0.15760172944138343
ALS,1.0,1.2,10,4,2506726,0.037650108337402344,0.2891822994551907,2.6671448041022434,1.0041180727534833,13.309851055534853,6.820794160083248,0.19974082822722186
Oracle-AMDM,1.0,1.2,10,4,2506726,0.05394268035888672,0.43540984569228686,1.4687699847176694,0.9825048343844068,14.578673822323422,6.673979304292403,0.19003733714813142
AMDM,1.0,1.2,10,4,2506726,0.048497915267944336,0.9351462396993817,9.775136051239546,1.394162198336542,16.19388325284252,9.470294020847978,0.16673383272363393
ALS,1.0,1.2,20,0,2606936,0.03655290603637695,0.19743585513671988,1.433643322029798,0.8243479132175386,4.269187409794001,5.751159679573441,0.15527012085848857
Oracle-AMDM,1.0,1.2,20,0,2606936,0.05672097206115723,0.2625548890924326,0.6313086770735612,0.8030454896852133,4.918714918420095,5.602540829046946,0.19906890883346487
AMDM,1.0,1.2,20,0,2606936,0.049067020416259766,10.105859048036917,716.3700895636672,9.994032556274945,696.203020426359,69.72453760409408,0.11682338967500805
ALS,1.0,1.2,20,1,2807146,0.036026954650878906,0.13684305543403547,0.5927920199026021,0.47930440898935667,2.5995565089477357,3.1889741565600245,0.25333034093713325
Oracle-AMDM,1.0,1.2,20,1,2807146,0.05776500701904297,0.21804245554696017,0.32870127034507934,0.46386242483049667,2.8195483488259523,3.0862334191809375,0.08897888695473204
AMDM,1.0,1.2,20,1,2807146,0.04908418655395508,1500.6240774287453,19788803.50459817,1500.5772353182833,19787345.96591473,9983.847287034985,0.1621177590464049
ALS,1.0,1.2,20,2,3107356,0.0363469123840332,0.1957566054472001,1.0864523450455352,0.7066676505946882,3.2348040921819363,4.69792074607979,0.2151843882401013
Oracle-AMDM,1.0,1.2,20,2,3107356,0.05800986289978027,0.30011794304014516,0.7992209799626314,0.6690340732287172,3.6299621755775204,4.447733032367395,0.19265513100669682
AMDM,1.0,1.2,20,2,3107356,0.0509488582611084,4.925933394670595,199.1570505925998,4.917414795321991,199.9113608066326,32.69093323372306,0.1942325841621353
ALS,1.0,1.2,20,3,3507566,0.04188680648803711,0.3094771433310506,2.6614240212400144,0.8297401240860172,6.593329451693461,5.411447634948463,0.2336792368774879
Oracle-AMDM,1.0,1.2,20,3,3507566,0.057357072830200195,0.36379869303347984,1.2088082284412083,0.8135787593845677,7.534529069080148,5.306045502096886,0.345726860753442
AMDM,1.0,1.2,20,3,3507566,0.05360007286071777,0.7614992326037041,4.114133021557523,0.6955911589598189,5.688184251227581,4.53654707392932,0.16094007850219672
ALS,1.0,1.2,20,4,4007776,0.04356694221496582,0.21640675903986784,1.490092111494313,1.2440040668843235,7.59064382699148,8.27150943934065,0.18011286540679605
Oracle-AMDM,1.0,1.2,20,4,4007776,0.05902695655822754,0.23097939927106256,0.6188034213269328,1.2378873400331776,8.343605187744846,8.230838701009512,0.15267184386971971
AMDM,1.0,1.2,20,4,4007776,0.044148921966552734,34.471719757189014,14303.84568464655,34.61315856011849,14295.205203918313,230.14640818054272,0.15964062275775062
ALS,1.0,1.2,50,0,4108016,0.036850929260253906,0.16922423413560958,0.8026813229606247,0.690184265846184,1.5971360869939126,4.387041947058842,0.26315532134073905
Oracle-AMDM,1.0,1.2,50,0,4108016,0.05876302719116211,0.24077667055017585,0.5389799100819108,0.6930199793831654,1.8411017311379296,4.405066690380581,0.19949880455548408
AMDM,1.0,1.2,50,0,4108016,0.04840397834777832,3.434365909865205,51.15007968778427,3.4044982405920594,53.46466719508139,21.64012906300299,0.19942070713199608
ALS,1.0,1.2,50,1,17580,0.03625130653381348,0.14207223276646286,0.5341231031836542,0.5296623605350131,1.6042835793624468,3.337196153145194,0.2097779852868638
Oracle-AMDM,1.0,1.2,50,1,17580,0.05722808837890625,0.2000924519960675,0.39244289179625236,0.5190926935363245,1.7436902838933224,3.2706007998102504,0.17455544904020592
AMDM,1.0,1.2,50,1,17580,0.05013680458068848,3.134074343359193,102.84115081976938,3.0150809778291934,100.43530229291989,18.996850428392285,0.1335516385555023
ALS,1.0,1.2,50,2,317820,0.0400850772857666,0.18229362998609974,0.8884498124311134,0.569629013914934,2.2561736371931587,3.6927046819164175,0.2742267317245719
Oracle-AMDM,1.0,1.2,50,2,317820,0.0584869384765625,0.2463270215037268,0.5098356437334984,0.558939518183483,2.2973635906762566,3.623408438272568,0.1874503065731839
AMDM,1.0,1.2,50,2,317820,0.053323984146118164,12.096570837155731,1448.4898134855673,12.177730563978916,1457.7326980012667,78.94394697289249,0.15756420011358357
ALS,1.0,1.2,50,3,718060,0.04316115379333496,0.17161293187272186,0.6450366729839386,0.5256439420661085,2.213401369366577,3.277791753985662,0.3644940738970474
Oracle-AMDM,1.0,1.2,50,3,718060,0.05823707580566406,0.2713057404897716,0.47904415861410504,0.4886035486043758,2.449548061892333,3.046816588979418,0.20303852724284788
AMDM,1.0,1.2,50,3,718060,0.05196070671081543,0.31348780597780107,0.8210276952820381,0.5111276873526331,2.0738201838571424,3.1872718103683892,0.36660799216081513
ALS,1.0,1.2,50,4,1218300,0.04377293586730957,0.16457139844079235,0.731042551326636,0.4824080750815908,1.4831571043258847,3.180068559283049,0.1620664904295637
Oracle-AMDM,1.0,1.2,50,4,1218300,0.058732032775878906,0.2518479588867509,0.5936180393892818,0.48942404669446327,1.6063000470799111,3.226318346323087,0.15729743218340944
AMDM,1.0,1.2,50,4,1218300,0.05358409881591797,1.2671215300730156,25.182613402678708,1.212002126910116,24.62889495938921,7.989604769611632,0.16994382858194548
ALS,1.0,1.5,5,0,1318805,0.03853583335876465,0.025136190396791415,0.7804372786971259,0.8442256734379696,8.474422105344205,13.425921652206767,0.3501346128566547
Oracle-AMDM,1.0,1.5,5,0,1318805,0.0589599609375,0.046534053832480715,0.21153514124083014,0.835170727561519,8.95731128695884,13.281918694553132,0.3651132064573699
AMDM,1.0,1.5,5,0,1318805,0.06414103507995605,0.261657090416083,2.5828102771590657,0.8705234005421966,11.326401374599428,13.844140660276778,0.4522492709656601
ALS,1.0,1.5,5,1,1519310,0.04728507995605469,0.030512185965146016,0.6207089120377965,0.5159695742857431,13.091001776697967,6.6337416315437885,0.2312866161186718
Oracle-AMDM,1.0,1.5,5,1,1519310,0.06022787094116211,0.07882933904549771,0.13772525469989924,0.4967666265707702,14.201293177979023,6.386852279818899,0.28817707443633267
AMDM,1.0,1.5,5,1,1519310,0.05340075492858887,0.22412125957020837,4.4232272717107035,0.4484097783124159,9.681004987028746,5.7651357030115244,0.421318736911101
ALS,1.0,1.5,5,2,1819815,0.0431361198425293,0.04165164340630697,1.1879633322816845,1.8326336443572813,52.520315827207426,24.934813379310526,0.3655840284913955
Oracle-AMDM,1.0,1.5,5,2,1819815,0.059412240982055664,0.1137965343781367,0.5861107677756408,1.8645532338783006,52.678790581350675,25.369111314580586,0.32934741554166547
AMDM,1.0,1.5,5,2,1819815,0.04918718338012695,0.44578766482738125,3.185902086650179,2.1399900961692357,56.10860254520467,29.116705265043045,0.30505679961708665
ALS,1.0,1.5,5,3,2220320,0.03666090965270996,0.04448510022322873,13.423373134670083,0.7752742272048159,57.05749987910326,6.881729552848756,0.2480325415747903
Oracle-AMDM,1.0,1.5,5,3,2220320,0.052123069763183594,0.28830769692047803,1.0658882274054025,0.7593911937406768,69.7365855183053,6.740743644967962,0.23335763537583593
AMDM,1.0,1.5,5,3,2220320,0.04868197441101074,0.17951155027660815,4.856622333300294,0.7548547878761144,65.51494225445302,6.70047619223136,0.31977080046247913
ALS,1.0,1.5,5,4,2720825,0.036875009536743164,0.029544871469081725,0.9475502297402333,0.4405803045348745,11.384994400547184,5.276058942671206,0.2976017861604082
Oracle-AMDM,1.0,1.5,5,4,2720825,0.05758213996887207,0.05695033694467554,0.26862716374064516,0.44605062709737736,12.189573959439912,5.341567418601965,0.34335006680707636
AMDM,1.0,1.5,5,4,2720825,0.04900002479553223,0.2120795652593246,3.5234362582492444,0.31610091632241927,12.958844472474643,3.7853872476440884,0.20462600299523398
ALS,1.0,1.5,10,0,2821335,0.03691267967224121,0.036573724425178186,2.119879338568492,0.5078426723725065,9.06296286984983,5.786941763482507,0.24454526900107734
Oracle-AMDM,1.0,1.5,10,0,2821335,0.0592958927154541,0.10294975225475143,0.4038338570847651,0.5072899470591689,11.137309655555102,5.780643377439947,0.30199735976601355
AMDM,1.0,1.5,10,0,2821335,0.0475919246673584,0.43857354607360766,29.185507492082337,0.7431291851195625,32.03130164194283,8.468066097991683,0.28935854331461147
ALS,1.0,1.5,10,1,3021845,0.03796982765197754,0.043453441557457645,3.7873707291979026,0.4014016253316514,8.894163803313395,4.813341952146209,0.34765756153409744
Oracle-AMDM,1.0,1.5,10,1,3021845,0.056691884994506836,0.19608466414130413,0.9302673972256729,0.35859152098342617,11.131332859062962,4.299991586250665,0.3562123569582684
AMDM,1.0,1.5,10,1,3021845,0.05314183235168457,58.41456575367543,63663.73782039861,58.32865892156412,63741.54738131438,699.438575435817,0.39277852420885434
ALS,1.0,1.5,10,2,3322355,0.04396700859069824,0.03394044101289811,3.421188991777453,0.4564128363304611,16.57235803984351,5.7056911139934865,0.247561165732367
Oracle-AMDM,1.0,1.5,10,2,3322355,0.05842995643615723,0.14085346200749477,0.9013800826735546,0.47175658552461336,15.011125218877407,5.8975058187162785,0.29227760194499797
AMDM,1.0,1.5,10,2,3322355,0.05028676986694336,61.45502988819104,244255.01013998318,61.64887222649849,244106.44586111215,770.6825804429648,0.2879034812473699
ALS,1.0,1.5,10,3,3722865,0.036720991134643555,0.047441566130873,2.8338488931232297,0.5860133782508788,17.43369262468901,9.162539023836269,0.4495225629921086
Oracle-AMDM,1.0,1.5,10,3,3722865,0.054435014724731445,0.1047105082316396,0.5235390871584635,0.5945745321011091,16.263097264923353,9.296395876176282,0.33940167016924955
AMDM,1.0,1.5,10,3,3722865,0.04771709442138672,0.2573328524065766,2.438721114932672,0.5420669541494328,15.326103513251487,8.475420195611882,0.33370470115023865
ALS,1.0,1.5,10,4,4223375,0.03777599334716797,0.053280356301903975,4.88605229167928,0.6461730252915124,9.776696689822835,9.931079931246094,0.21689824390728035
Oracle-AMDM,1.0,1.5,10,4,4223375,0.05773615837097168,0.1370271811936702,1.0169968556433824,0.6018554739750294,10.779235808541507,9.249960281779854,0.22051037654042002
AMDM,1.0,1.5,10,4,4223375,0.04996919631958008,0.41542987672893067,3.4380511579530055,0.4096768707583771,9.16837003266901,6.296353438227714,0.29794983478049614
ALS,1.0,1.5,20,0,33219,0.03738117218017578,0.05108658215737188,1.532517523425453,0.4042058896910713,4.184079643077682,5.690087753165071,0.3332730077611519
Oracle-AMDM,1.0,1.5,20,0,33219,0.05691123008728027,0.0869707267412968,0.5701036151643163,0.39853520604263803,4.15349809129863,5.610260396852464,0.2657978696188107
AMDM,1.0,1.5,20,0,33219,0.04837393760681152,0.9498479577094211,16.25696235351021,0.8312736612421654,15.65585515984436,11.702006823744753,0.2853234493770483
ALS,1.0,1.5,20,1,233739,0.03673195838928223,0.04709234953842989,4.011858262579799,0.41798638421665213,5.8055572129152395,5.176348367570689,0.3338944185316722
Oracle-AMDM,1.0,1.5,20,1,233739,0.059033870697021484,0.1881042882409792,0.8458470906550486,0.3643596954915323,7.874853613664345,4.512234814779425,0.34042122626077864
AMDM,1.0,1.5,20,1,233739,0.05279803276062012,0.9014321111385508,76.90776361012217,0.6913553964263245,80.2988001902278,8.561753475318156,0.16836602007064744
ALS,1.0,1.5,20,2,534259,0.04238581657409668,0.04573793162360862,3.8750495341350377,0.30460942582068623,6.209800033316446,4.314326231696541,0.28221727038102407
Oracle-AMDM,1.0,1.5,20,2,534259,0.05689096450805664,0.14080869380545535,1.0463948285600948,0.2625624342049545,6.2836567283100315,3.718794959468403,0.27452692086343566
AMDM,1.0,1.5,20,2,534259,0.05282878875732422,47.12193004962991,241120.75895547727,47.122743161455006,240444.42679800536,667.4215230970626,0.24887622903667722
ALS,1.0,1.5,20,3,934779,0.04345703125,0.046956109203130605,2.6392067288181584,0.3491538182431973,4.71928161391265,5.5952181065321405,0.24610821236869757
Oracle-AMDM,1.0,1.5,20,3,934779,0.0543057918548584,0.28712402332463804,1.147762990656522,0.23243382482543107,4.470287536930706,3.724770795225609,0.3607777026438385
AMDM,1.0,1.5,20,3,934779,0.04574108123779297,0.31365095943633864,14.899353915325214,0.5013970197600394,11.446596473542959,8.034927693583327,0.1939785369351117
ALS,1.0,1.5,20,4,1435299,0.036965131759643555,0.05257315268566048,3.8705611500310537,0.39481702940944496,3.9181271296408715,5.456353368501032,0.3237552324081959
Oracle-AMDM,1.0,1.5,20,4,1435299,0.05705380439758301,0.1352756794116092,0.6808333841611917,0.35925363438357905,6.8819103601551985,4.964868868617719,0.2502584335170014
AMDM,1.0,1.5,20,4,1435299,0.04914116859436035,3.331388208621716,224.02617433865188,3.474190965880826,222.6962315204949,48.0131609516796,0.21107394405189023
ALS,1.0,1.5,50,0,1535849,0.03664898872375488,0.037661929624377324,1.3110211410689008,0.35606026499147575,1.8924098378184426,4.2531897924153785,0.371918403965018
Oracle-AMDM,1.0,1.5,50,0,1535849,0.05429577827453613,0.09354144647221357,0.5265577839713583,0.3521984663158712,2.337970209261387,4.207060065730381,0.23139102572675183
AMDM,1.0,1.5,50,0,1535849,0.05009317398071289,0.5885333466229181,8.692381209610275,0.7618264945456439,7.2189680507957315,9.100124301347398,0.29348756192667513
ALS,1.0,1.5,50,1,1736399,0.0367121696472168,0.029882295158469154,0.992353197412501,0.30294224865379316,1.2936242946253809,3.9871780097258323,0.4532361107959235
Oracle-AMDM,1.0,1.5,50,1,1736399,0.05709505081176758,0.08198229055213518,0.27624567746478274,0.32262920814860274,1.554418620231038,4.246288161330251,0.4340386914874551
AMDM,1.0,1.5,50,1,1736399,0.049139976501464844,0.1939170179875018,0.6955340529336599,0.31105621742740946,1.4010448534522233,4.093970106270732,0.47829181837675894
ALS,1.0,1.5,50,2,2036949,0.03675699234008789,0.03176825139112459,1.28176043215653,0.3290710392117706,2.4075496275083883,4.569727146198434,0.358192269518964
Oracle-AMDM,1.0,1.5,50,2,2036949,0.0540771484375,0.10656967983589642,0.49387570704201583,0.3069484636810888,2.1922026831350228,4.262516477679763,0.26040876510885724
AMDM,1.0,1.5,50,2,2036949,0.0531163215637207,0.18535772080721985,0.9888198905220343,0.24261887844092242,1.8897196200461195,3.3691876308756736,0.3322275887790988
ALS,1.0,1.5,50,3,2437499,0.03730201721191406,0.03972531860909377,2.289955309439798,0.25117149445781195,2.359200548010244,3.2467602122754227,0.3629755925661262
Oracle-AMDM,1.0,1.5,50,3,2437499,0.057411909103393555,0.1076356449446048,0.7815049018062582,0.2305132082963311,1.9786306174832615,2.9797215433067117,0.21478618777960579
AMDM,1.0,1.5,50,3,2437499,0.04858207702636719,0.32906760419007425,6.519307610794205,0.3029151343376467,6.418340105615545,3.9156227022757495,0.268092333079971
ALS,1.0,1.5,50,4,2938049,0.04034686088562012,0.035228862966609695,1.0612194661813381,0.2806101318934609,1.3704454396418784,3.781139845056628,0.28879130416787197
Oracle-AMDM,1.0,1.5,50,4,2938049,0.06321907043457031,0.08108457673045935,0.4197071135225422,0.2658235545303888,1.6029061533476678,3.5818950192826544,0.2356865302681487
AMDM,1.0,1.5,50,4,2938049,0.05487775802612305,0.17102550130445657,1.1871593837619738,0.2734941249945056,1.6206259331471646,3.685253723476551,0.4242592838252685
